source,target
3825,3568
3549,3905
3750,3596
3710,3713
3611,3542
3726,3972
3633,3448
3550,3968
1085,3721
3623,3866
3640,3800
3762,3559
3609,3495
3793,3951
3633,3873
3471,3851
3596,3780
3576,3707
3633,3596
3500,3615
3944,3559
3867,3599
3471,3845
3953,3775
3799,3638
3562,3479
3926,3930
3826,3869
3782,3558
3838,3804
3542,3926
3448,3851
3517,3577
3620,3792
3860,3528
3924,3969
3697,3830
3702,3627
3493,3792
3527,3851
3558,3826
3612,3937
3674,3851
3463,3909
3830,3813
3510,3915
3677,3577
3964,3836
3764,3758
3822,3833
3610,3847
3797,862
3950,3750
3510,3529
3797,3741
3895,3464
3788,3491
3758,3764
3462,3800
3528,3611
3718,3584
3484,3842
3545,3480
3608,3735
3966,3860
3697,3440
3651,1085
3734,3760
3825,3843
3802,3705
3719,3511
3492,3556
3616,3513
3683,3886
3743,3628
3486,3706
3722,3876
3475,3902
3966,3540
3824,3495
3931,3825
3743,3917
3695,3830
3596,3889
3926,3804
3958,3951
3830,3457
3860,3902
3468,3534
3868,3567
3604,3449
3668,3466
3474,3945
3968,3926
3677,3438
3716,3616
3711,3794
3730,3514
3584,3947
3968,3550
3739,3657
3651,3449
3557,3642
3576,3577
3640,3785
3500,3766
3596,3838
3616,3918
3657,3892
3730,3635
3683,3692
3448,3596
3867,3553
3831,3830
3884,3734
3484,3971
3563,3656
3826,3896
3971,3693
3635,3804
3912,3743
3692,3667
3728,3508
3669,3502
3892,3874
862,3501
3832,3596
3615,3508
3568,3758
3529,3972
3559,3528
3458,3822
3803,3690
3967,3587
3800,3542
3448,3860
3892,3743
3938,3943
3509,3909
3948,3692
3821,3671
3558,3810
3516,3639
3463,3931
3718,3593
3767,3470
3758,3810
3843,3499
3924,3947
3883,3695
3873,3563
3830,3858
3841,3692
3730,3737
3838,3902
3945,3602
3837,3975
3514,3596
3821,3878
3929,3533
3782,3786
3900,3458
3938,3642
3920,3641
3790,3488
3656,3830
3930,3573
3493,3711
3930,3522
3810,3793
3734,3877
3790,3838
3644,3698
3734,3948
3668,3829
3886,3683
3674,3544
3450,3790
3828,3605
3920,3791
3737,3966
3951,3792
3677,3592
3490,3546
3803,3569
3735,3442
3495,3930
3515,3958
3615,3599
3794,3569
3861,3954
3550,3552
3882,3671
3604,3851
3797,3721
3528,3596
3734,3712
3824,3627
3656,3692
3893,3584
3602,3869
3810,3643
3802,3455
3464,3529
3916,3891
3630,3510
3768,3945
3501,3440
3924,3646
3737,3448
3568,3866
3711,3924
3715,3599
3615,3500
3491,3712
3624,3546
3745,3949
3449,3456
3722,3508
3557,3828
3651,3830
3683,3563
3823,3617
3805,3440
3857,3657
3764,3810
3938,3651
3830,3605
3736,3667
3812,3549
3705,3907
3830,3971
3561,3752
3663,3442
3501,3948
3884,3731
3473,3892
3542,3966
3514,3485
3758,3833
3801,3885
3697,3495
3679,3894
3824,3702
3792,3458
3518,3687
3693,3480
3706,3803
3886,3852
3485,3790
3951,3680
3557,3804
3918,3789
3927,3622
3604,3557
3577,3684
3509,3706
3603,3838
3736,3831
3902,3621
3868,3739
3684,3633
3971,3449
3858,3830
3855,3810
3924,3976
3824,3611
3651,3824
3480,3841
3633,3804
3815,3907
3504,3487
3554,3972
3555,3956
3540,3440
3521,3842
3948,3517
3870,3660
3586,3693
3793,3825
3790,3578
3610,3888
3838,3518
3782,3947
3642,3574
3499,3719
3442,3778
3497,3542
3761,3464
3948,3830
3763,3799
3731,3557
3500,3933
3788,3586
3730,3557
3586,3697
3830,3832
3757,3836
3464,3474
3623,3906
3583,3758
3639,3613
3525,3501
3530,3551
3960,3920
3600,3555
3889,3525
3824,3884
3595,3628
3614,3945
3869,3931
3948,3449
3639,3649
3644,3482
3540,3677
3518,3902
3789,3807
3648,3643
3862,3722
3455,3862
3702,3902
3710,3636
3779,3659
3462,3891
3495,3797
3724,3617
3914,3978
3605,3707
3708,3774
3938,3557
3702,3596
3863,3549
3972,3829
3680,3499
3438,3633
3923,3787
3713,3442
3757,3837
3747,3505
3962,3501
3710,3921
3640,3557
3731,3642
3682,3812
3644,3508
3938,3577
3693,3633
3740,3636
3877,3684
3494,3690
3902,3934
3855,3486
3601,3535
3527,3707
3877,3938
3465,3774
3883,3649
3728,3608
3643,3719
3645,3601
3521,3455
3889,3586
3491,3966
3593,3764
3778,3876
3702,3737
3810,3951
3826,3890
3964,3776
3460,3829
3795,3750
3545,3785
3652,3676
3794,3869
3938,3841
3558,3794
3956,3464
3542,3596
3919,3523
3706,3869
3951,3458
3794,3914
3503,3596
3516,3919
3553,3921
3651,3886
3542,3902
3625,3842
3790,3828
3500,3664
3858,3456
3701,3774
3506,3515
3569,3924
3440,3886
3486,3493
3486,3976
3682,3662
3474,3469
3822,3951
3829,3602
3828,3574
3702,3830
3705,3906
3449,3962
3852,3475
3584,3896
3947,3973
3728,3666
3975,3757
3568,3593
3592,3847
3810,3555
3553,3778
3842,3456
3510,3554
3633,3618
3443,3915
3545,3697
3500,3641
3540,3656
3779,3872
3884,3495
3558,3506
3884,3831
3685,3850
3683,3525
3545,3578
3860,3858
3593,3584
3458,3969
3591,3822
3506,3822
3900,3714
3811,3546
3785,3736
3464,3602
3847,3626
3469,3634
3512,3830
3490,3863
3448,3938
3482,3698
3545,3830
3815,3636
3852,3838
3596,3574
3706,3870
3676,3825
3859,3443
3727,3949
3756,3772
3656,3525
3938,3851
3442,3470
3476,3519
3605,3454
3476,3757
3741,3780
3640,3828
3754,3738
3906,3718
3622,3878
3680,3924
3490,3549
3930,3830
3774,3910
3710,3728
3851,3796
3584,3711
3546,3446
3900,3786
3835,3740
3460,3474
3677,3841
3725,3595
3877,3702
3797,3938
3909,3509
3468,3764
3783,3747
3797,3886
3711,3648
3769,3977
3884,3514
3615,3590
3693,3851
3505,3629
3867,3608
3642,3640
3838,3944
3456,3514
3735,3521
3902,3702
3897,3908
3938,3962
3979,3610
3763,3793
3850,3773
3643,3903
3957,3899
3522,3438
3557,3635
3641,3655
3902,3940
3711,3493
3825,3931
3635,3596
3625,3550
3873,3948
3913,3790
3486,3593
3862,3636
3721,3797
3593,3443
3630,3460
3759,3571
3956,3945
3750,3656
3869,3604
3618,3625
3677,3968
3498,3722
3817,3611
3810,3458
3962,3968
3964,3500
3718,3924
3873,3525
3498,3907
3835,3850
3822,3869
3797,3521
3577,3596
3473,3567
3596,3503
3950,3547
3629,3769
3810,3648
3475,3938
3604,3617
3921,3498
3509,3714
3646,3719
3775,3544
3793,3509
3675,3957
3842,3831
3719,3593
3736,3785
3830,3563
3950,3659
3903,3951
3735,3753
3450,3497
3711,3758
3730,3800
3931,3947
3877,3930
3550,3797
3693,3841
3480,3604
3521,3728
3773,3505
3933,3478
3945,3614
3829,3714
3623,3506
3887,3537
3851,3845
3508,3747
3877,3852
3662,3745
3764,3464
3800,3518
3533,3760
3907,3521
3708,3465
3842,3797
3679,3863
3878,3483
3830,3860
3633,3741
3933,3766
3889,3604
3567,3739
3642,3659
3493,3486
3577,3721
3882,3792
3488,3518
3848,3616
3495,3577
3776,3960
3546,3441
3702,3877
862,3872
3760,3628
3756,3697
3951,3463
3851,3968
3584,3893
3924,3906
3851,3540
3833,3976
3892,3541
1085,3684
3605,3543
3812,3745
3776,3587
3714,3870
3667,3550
3784,3973
3844,3616
3536,3682
3747,3655
3897,3661
3450,3672
3469,3630
3450,3605
3672,3545
3582,3752
3909,3443
3599,3663
3540,3693
3456,3884
3584,3826
3486,3833
3692,3734
3741,3852
3830,3639
3810,3782
3855,3771
3583,3869
3911,3864
3719,3584
3924,3719
3555,3803
3685,3508
3764,3719
3547,3775
3649,3594
3605,3830
3590,3835
3700,3830
3460,3515
3538,3473
3891,3488
3656,3841
3646,3593
3966,3702
3483,3793
3701,3965
3930,3877
3594,3613
3797,3750
3876,3722
3924,3870
3938,3926
3692,3586
3792,3711
3629,3840
3463,3486
3947,3782
3458,3643
3587,3776
3776,3696
3601,3468
3705,3599
3828,3651
3831,3697
3786,3460
3442,3615
3759,3701
3951,3896
3756,3449
862,3621
3648,3758
3918,3975
3874,3912
3559,3762
3645,3941
3948,3962
3458,3719
3804,3884
3684,3586
3549,3624
3577,3611
3521,3876
3672,3497
3529,3510
3886,3525
3535,3825
3576,3785
3793,3866
3976,3486
3457,3830
3969,3896
3718,3870
3962,3633
3817,3484
3926,3971
3750,3830
3784,3506
3522,3779
3851,3938
3979,3626
3684,3962
3705,3714
3824,3790
3830,3613
3538,3868
3797,3540
3460,3782
3442,3597
3629,3728
3864,3502
3677,3693
3644,3850
3835,3521
3526,3573
3642,3454
3486,3951
3775,3454
3800,3913
3464,3469
3884,3790
3468,3758
3448,3456
3945,3972
3464,3554
3540,3596
3923,3918
3874,3819
3731,3687
3475,3930
3450,3528
3551,3530
3737,3730
3708,3579
3695,3562
3842,3968
3925,3530
3758,3612
3500,3783
3547,3684
3571,3519
3550,3971
3662,3441
3842,3667
3734,3684
3930,3495
3624,3814
3752,3829
3456,3586
3826,3718
3702,3542
3599,3442
3979,3847
3938,3545
3647,3918
3924,3903
3850,3482
3591,3900
3568,3914
3726,3909
3727,3771
3556,3688
3595,3567
3967,3696
3486,3509
3521,3505
3611,3734
3506,3718
3838,3514
3951,3569
3776,3783
3495,3596
3830,3741
3731,3658
3759,3519
3622,3468
3500,3920
3454,3547
3680,3803
3452,3596
3528,3930
3553,3840
3633,3586
3831,3496
3578,3804
3449,3796
3956,3555
3883,3481
3525,3577
3684,3618
3906,3969
3951,3900
3969,3794
3900,3870
3940,3497
3759,3465
3793,3463
3484,3501
3756,3576
3687,3762
3482,3850
3660,3870
3804,3731
3930,3559
3874,3743
3715,3740
3662,3624
3609,3851
3466,3915
3508,3685
3651,3734
3545,3852
3568,3825
3594,3830
3749,3751
3705,3924
3827,3505
3814,3662
3545,3627
3473,3917
3495,3756
3617,3534
3777,3803
3498,3867
3804,3611
3465,3708
3528,3858
3933,3747
3452,3576
3625,3734
3488,3790
3851,3471
3482,3644
3838,3475
3739,3912
3921,3722
3618,3968
3584,3558
3615,3921
3805,3449
3557,3858
3611,3462
3455,3827
3479,3830
3866,3768
3881,3866
3809,3887
3899,3571
3474,3634
3907,3442
3701,3837
3940,3672
3837,3708
3526,3840
3868,3538
3587,3696
3509,3826
3693,3845
3930,3659
3458,3718
3576,3828
3738,3464
3713,3636
3938,3756
3870,3859
3611,3824
3438,3693
3577,3677
3617,3680
3947,3509
3948,3968
3475,3877
3876,3455
3556,3971
3714,3506
3557,3838
3734,3495
3858,3687
3810,3620
3563,3684
3947,3870
3760,3501
3737,3545
3703,3440
3923,3789
3800,3658
3485,3930
3463,3706
3906,3706
3553,3598
3950,3872
3584,3768
3783,3500
3677,3586
3536,3662
3658,3452
3790,3518
3821,3511
3468,3622
3481,3649
3860,3450
3525,3737
3918,3837
3767,3782
3510,3821
3866,3524
3460,3761
3450,3737
3538,3857
3847,3592
3658,3966
3813,3830
3524,3866
3870,3869
3635,3611
3948,3873
3690,3506
3828,3860
3741,3501
3734,3841
3737,3672
3842,3625
3866,3645
3554,3915
3609,3886
3758,3937
3810,3623
3829,3738
3555,3591
3705,3713
3546,3863
3722,3590
3483,3821
3643,3951
3830,3790
3741,3797
3656,3756
3456,3697
3933,3791
3829,3752
3877,3968
3824,3518
3865,3526
3740,3521
3538,3917
3545,3930
3884,3860
3917,3871
3675,3837
3771,3956
3551,3487
3559,3576
3803,3680
3549,3536
3634,3466
3550,3950
3779,3772
3948,3674
3937,3945
3793,3924
3584,3794
3596,3670
3634,3972
3501,3475
862,3797
3568,3617
3553,3599
3448,3889
3604,3640
3546,3949
3535,3499
3868,3892
3474,3604
3966,3873
3578,3838
3596,3518
3758,3945
3931,3821
3842,3540
3464,3680
3590,3713
3851,3611
3771,3531
3789,3749
3514,3804
3889,3851
3800,3501
3625,3480
3526,3471
3594,3649
3868,3657
3474,3460
3438,3877
3958,3515
3641,3967
3554,3464
3724,3464
3443,3645
3799,3763
3751,3720
3642,3737
3476,3809
3917,3868
3622,3803
3851,3501
3617,3825
3884,3687
3633,3517
3860,3824
3726,3752
3762,3902
3629,3442
3831,3968
3506,3784
3962,3628
3884,3902
3521,3867
3506,3826
3869,3593
3571,3899
3701,3759
3948,3596
3462,3611
3902,3790
3835,3907
3909,3826
3462,3926
3975,3774
3491,3586
3902,3838
3599,3498
3455,3815
3753,3521
3564,3719
3607,3508
3496,3672
3526,3713
3743,3541
3497,3838
3968,3525
3501,3495
862,857
3448,3609
3927,3767
3538,3628
3794,3584
3448,3501
3475,3501
3533,3830
3529,3900
3501,3938
3827,3521
3449,3797
3525,3651
3578,3518
3924,3643
3615,3629
3491,3962
3605,3672
3503,3731
3663,3862
3828,3756
3719,3646
3702,3731
3529,3459
3460,3937
3887,3875
3947,3568
3830,3656
3706,3591
3593,3623
3690,3895
3542,3838
3528,3542
3545,3902
3915,3972
3951,3584
3559,3573
3965,3759
3725,3874
3551,3723
3493,3903
3871,3739
3707,3528
3867,3735
3783,3776
3633,3533
3464,3764
3529,3668
3488,3930
3683,3790
3456,862
3674,3756
3471,3838
3830,3501
3737,3873
3948,3563
3976,3826
3830,3502
3814,3549
3596,3779
3759,3957
3475,3545
3793,3714
3529,3469
3833,3969
3721,3741
3584,3903
3633,3480
3466,3668
3831,3750
3878,3903
3800,3633
3833,3947
3455,3685
3496,3775
3663,3713
3766,3776
3906,3826
3697,3492
3577,3842
3584,3719
3495,3943
3562,3883
3705,3818
3914,3604
3456,3674
3800,3851
3563,3741
3728,3835
3489,3665
3685,3698
3915,3568
3978,3495
3499,3764
3514,3860
3518,3838
3945,3469
3835,3498
3892,3538
3604,3605
3466,3469
3742,3849
3851,3545
3687,3518
3448,3640
3731,3785
3924,3711
3950,3610
3505,3607
3554,3529
3506,3507
3782,3690
3825,3652
3944,3948
3825,3614
3938,3971
3804,3670
3596,3926
3495,3860
3830,3480
3666,3728
3860,3737
3956,3443
3851,3800
3558,3738
3840,3521
3951,3593
3679,3624
3577,3851
3725,3473
3651,3828
3878,3622
3706,3794
3822,3870
3693,3448
3569,3706
3842,3545
3960,3664
3738,3593
3545,3440
3440,3684
3747,3478
3480,3633
3677,3625
3560,3691
3841,3540
3938,3731
3757,3675
3580,3446
3778,3470
3829,3668
3956,3466
3713,3663
3964,3747
3465,3579
3598,3850
3829,3532
3710,3722
3486,3506
3947,3529
3900,3569
3538,3871
3822,3705
3655,3776
3501,3889
3730,3528
3753,3778
3604,3687
3779,3642
3774,3759
3834,3764
3591,3826
3642,3557
3756,3492
3550,3672
3948,3670
3711,3810
3547,3747
3553,3867
3571,3579
3528,3497
3706,3506
3456,3968
3737,3707
3938,3586
3861,3496
3956,3972
3601,3460
3948,862
3577,3501
3692,3674
3938,3702
3609,3618
3599,3921
3584,3593
3966,3785
862,3677
3966,3452
3970,3525
3870,3794
3804,3596
3750,3756
3877,3462
3873,3625
3731,3635
3545,3475
3975,3708
3712,3692
3948,1085
3921,3553
3553,3455
3918,3722
3740,3442
3878,3821
3966,3851
3803,3706
3462,3930
3863,3662
3833,3924
3584,3927
3525,3692
3563,3525
3926,3966
3852,3684
3926,3687
3623,3810
3625,3525
3874,3473
3510,3931
3554,3726
3611,3830
3630,3469
3791,3587
3968,3461
3679,3585
3628,3912
3488,3938
3568,3460
3953,3610
3658,3576
3596,3721
3926,3731
3571,3701
3505,3840
3951,3718
3720,3751
3822,3900
3587,3766
3553,3710
3508,3607
3829,3945
3612,3869
3612,3561
3518,3737
3841,3851
3509,3924
3602,3634
3516,3695
3599,3850
3581,3613
3611,3842
3793,3499
3768,3671
3907,3455
3869,3569
3540,3618
3786,3645
3469,3604
3460,3972
3547,3677
3872,3684
3711,3870
3975,3571
3565,3756
3938,3734
3817,3842
3720,3749
3943,3756
3921,3715
3604,3804
3866,3818
3734,3800
3705,3867
3670,3830
3469,3825
3524,3535
3545,3642
3947,3900
3968,3851
3605,3596
3821,3829
3708,3957
3527,3488
3542,3940
3701,3579
3824,3697
3828,3642
3957,3774
3576,3605
3902,3926
3634,3554
3658,3488
3830,3913
3753,3907
3942,3561
3968,3734
3675,3579
3656,3948
3497,3926
3545,3824
3752,3945
3726,3460
3731,3762
3466,3738
3442,3472
3725,3912
3736,3830
3728,3442
3590,3526
3706,3572
3545,3943
3731,3488
3884,3948
3869,3690
3692,3625
3585,3679
3730,3488
3794,3506
3962,3841
3680,3955
3792,3648
3443,3460
3832,3514
3730,3450
3824,3542
3722,3753
3511,3506
3540,3692
3476,3836
3714,3569
3819,3725
3672,3737
3837,3774
3934,3926
3930,3462
3546,3624
3608,3740
3664,3933
3886,3625
3578,3670
3503,3959
3966,3576
3872,1085
3463,3947
3572,3869
3859,3870
3918,3957
3636,3907
3562,3613
3807,3789
3831,3884
3702,3471
3779,3503
3613,3481
3918,3519
3857,3628
3810,3718
3604,3943
3474,3738
3706,3793
3472,3598
3541,3912
3677,3684
3756,3677
3602,3464
3877,3842
3497,3852
3804,3640
3533,3467
3969,3569
3623,3786
3487,3551
3849,3861
3714,3620
3466,3881
3731,3545
3679,3963
3521,3550
3758,3855
3693,3948
3448,3930
3651,3841
3645,3468
3649,3639
3452,3838
3737,3488
3596,3452
3493,3584
3938,3528
3490,3531
3612,3534
3976,3643
3449,3889
3871,3473
3866,3947
3913,3596
3636,3835
3674,3841
3500,3791
3756,3462
3620,3906
3479,3562
3972,3764
3455,3608
3576,3642
3515,3566
3959,3503
3681,3790
3723,3530
3951,3493
3633,3860
3838,3448
3458,3711
3464,3460
3761,3668
3615,3442
3545,3542
3518,3640
3898,3581
3545,3884
3501,3741
3756,3674
3466,3634
3810,3711
3908,3661
3491,3449
3454,3621
3826,3711
3778,3773
3440,3968
3706,3822
3523,3562
3909,3643
3756,3596
3938,3779
3938,3456
3486,3869
3803,3767
3793,3458
3527,3528
3469,3529
3774,3579
3877,3611
3782,3945
3764,3927
3753,3835
3499,3690
3516,3649
3967,3914
3497,3528
3449,3495
3642,3450
3440,3755
3520,3672
3455,3498
3464,3829
3736,3684
3739,3871
3702,3557
3443,3859
3518,3730
3545,3938
3680,3463
3526,3520
3449,3684
3652,3466
3829,3821
3697,3448
3830,3578
3794,3463
3934,3762
3443,3829
3545,3438
3883,3919
3563,3852
3872,3672
3598,3553
3831,3824
3901,3918
3471,3485
3764,3469
3577,3512
3802,3753
3596,3462
3628,3542
3838,3596
3540,3966
3883,3613
3473,3874
3640,3926
3658,3828
3836,3757
3768,3793
3555,3754
3631,3786
3782,3459
3590,3867
3707,3488
3719,3617
3576,3860
3577,3943
3695,3919
3886,3455
3469,3738
3737,3824
3450,3930
3821,3510
3852,3563
3751,3789
3577,3456
3538,3441
3951,3958
3654,3697
3591,3486
3949,3811
3464,3777
3509,3951
3605,3488
3790,3497
3917,3567
3481,3613
3797,3872
3759,3975
3800,3737
3971,3540
3677,3943
3708,3757
3903,3969
3962,3491
3683,3948
3617,3895
3821,3803
3697,3842
3912,3819
3569,3463
3867,3835
3525,3677
3458,3493
3971,3877
3538,3445
3971,3948
3791,3964
3896,3870
3790,3640
3857,3868
3921,3705
3851,3674
3512,3533
3604,3913
3936,3553
3950,3772
3916,3805
3574,3635
3689,3621
3572,3705
3517,3438
3769,3778
3934,3930
3852,3667
3529,3630
3634,3937
3804,3542
3891,3452
3584,3535
3672,3838
3445,3538
3758,3646
3758,3568
3918,3632
3842,3830
3962,3677
3645,3623
3684,3938
3475,3940
3677,862
3835,3802
3802,3835
3685,3472
3438,3456
3931,3463
3440,3576
3633,3609
3501,3448
3950,3522
3838,3824
3610,3953
3768,3866
3969,3620
3483,3895
3786,3822
3921,3740
3948,3938
3740,3735
3714,3906
3558,3869
3617,3464
3633,3842
3864,3830
3968,3772
3877,3741
3586,3545
3593,3506
3524,3483
3581,3562
3611,3926
3909,3529
3651,3750
3568,3793
3948,3756
3837,3957
3703,3654
3801,3921
3896,3976
3524,3623
3739,3473
3672,3902
3674,3604
3632,3720
3860,3545
3508,3933
3488,3884
3569,3803
3860,3785
3870,3900
3840,3472
3941,3612
3795,3929
3553,3442
3564,3678
3772,3659
3474,3967
3740,3455
3797,3633
3670,3948
3687,3884
3700,3911
3933,3655
3442,3936
3752,3561
3518,3800
3793,3782
3962,3948
3831,3851
3549,3662
3604,3474
3847,3677
3558,3719
3847,3775
3672,3596
3656,3633
3888,3659
3533,3734
3675,3476
3821,3535
3743,3595
3506,3623
3726,3466
3551,3925
3698,3850
3567,3595
3723,3487
3766,3747
3674,3514
3527,3902
3841,3456
3640,3488
3584,3643
3495,3934
3466,3460
3644,3505
3680,3568
3826,3793
3627,3514
3599,3769
3756,3625
3456,3824
3542,3707
3747,3791
3552,3625
3615,3867
3576,3545
3624,3549
3670,3640
3731,3574
3531,3662
3678,3791
3633,3971
3829,3499
3684,3625
3860,3596
3682,3490
3702,3891
3559,3488
3460,3634
3840,3526
3906,3529
3586,3674
3904,3849
3677,3522
3630,3529
3924,3714
3538,3743
3734,3640
3599,3705
3944,3838
3824,3497
3944,3590
3623,3947
3789,3918
3747,3587
3466,3829
3880,3596
3837,3476
3670,3702
3891,3930
3702,3684
3617,3719
3548,3897
3549,3531
3968,3971
3840,3644
3921,3590
3449,3501
3968,3491
3568,3558
3769,3728
3794,3509
3613,3516
3697,3545
3962,3609
3793,3569
3677,3712
3973,3584
3454,3677
3482,3598
3556,3540
3892,3628
3469,3668
3593,3782
3824,3651
3826,3463
3922,3536
3826,3833
3553,3936
3778,3455
3830,3880
3711,3969
3903,3643
3516,3479
3731,3670
3687,3557
3517,3851
3780,3971
3926,3528
3508,3632
3521,3684
3803,3714
3438,3784
3850,3508
3632,3787
3821,3927
3474,3829
3873,3618
3728,3663
3577,3576
3971,3596
3466,3464
3540,3750
3631,3833
3629,3521
3633,3760
3930,3503
3611,3635
3874,3725
3604,3578
3949,3585
3687,3731
3908,3880
3441,3546
3493,3648
3793,3459
3604,3869
3838,3605
3485,3817
3557,3730
3681,3559
3540,3851
3588,3827
3863,3490
3593,3947
3581,3898
3470,3769
3588,3862
3667,3734
3576,3800
3608,3442
3442,3599
3905,3580
3573,3625
3957,3708
3833,3869
3927,3823
3642,3545
3500,3809
3892,3739
3595,3868
3894,3490
3517,862
3851,3693
3782,3881
3628,3760
3538,3567
3649,3562
3713,3862
3586,3517
3677,3930
3707,3681
3557,3824
3525,3540
3765,3930
3611,3672
3490,3624
3556,3521
3817,3556
3596,3828
3903,3506
3951,3969
3877,3824
3574,3877
3851,3456
3874,3628
3549,3490
3756,3609
3506,3829
3571,3465
3498,3740
3643,3924
3684,3621
3525,3842
3669,3911
3697,3654
3873,3692
3719,3711
3585,3549
3874,3538
3838,3557
3715,3713
3914,3794
3571,3975
3468,3458
3442,3678
3771,3727
3790,3824
3478,3783
3443,3906
3824,3578
3948,3577
3466,3529
3692,3501
3577,3830
3584,3718
3596,3684
3557,3731
3558,3881
3608,3710
3514,3672
3962,3596
3720,3802
3930,3654
3762,3930
3902,3672
3777,3464
3750,3547
3550,3872
3581,3523
3501,3651
3516,3481
3901,3933
3629,3705
3731,3640
3928,3672
3449,3800
3962,3674
3762,3462
3937,3758
3610,3779
3515,3555
3877,3475
3738,3510
3635,3514
3891,3559
3718,3826
3498,3705
3612,3810
3672,3475
3877,3962
3949,3814
3949,3624
3456,3692
3526,3773
3830,3702
3803,3906
3714,3823
3680,3870
3617,3645
3636,3921
3711,3896
3830,3756
3668,3510
3740,3599
3449,3805
3843,3927
3925,3961
3824,3762
3663,3728
3873,3842
3481,3830
3536,3441
3577,3625
3886,1085
3824,3654
3971,3611
3680,3869
3496,3547
3684,3968
3557,3596
3841,3948
3777,3829
3629,3740
3918,3616
3593,3486
3680,3554
3572,3714
3721,3968
3744,3830
3851,3651
3519,3708
3794,3947
3610,3979
567,3723
3622,3617
3869,3833
3542,3543
3528,3926
3615,3815
3643,3810
3838,3578
3873,3851
3488,3800
3470,3520
3725,3657
3705,3442
3756,1085
3475,3642
3456,3501
3462,3934
3862,3710
3776,3500
3482,3832
3455,3735
3490,3771
3636,3867
3968,3830
3713,3735
3810,3534
3725,3917
3645,3459
3574,3596
3551,3961
3881,3764
3927,3719
3851,3838
3611,3491
3964,3478
3804,3654
3948,3605
3772,3950
3598,3505
3569,3906
3906,3705
3759,3918
3836,3675
3604,3527
3701,3957
3626,3592
3596,3858
3545,3557
3881,3466
3647,3716
3505,3526
3794,3554
3790,3884
3851,3517
3861,3454
3623,3593
3909,3976
3976,3909
3750,3674
3641,3500
3618,3851
3930,3884
3525,3756
3484,3940
3683,3842
3584,3620
3677,3938
3691,3830
3806,3963
3470,3796
3921,3801
3915,3554
3924,3869
3948,3667
3868,3917
3943,3495
3471,3702
3559,3884
3855,3794
3526,3455
3612,3758
3938,3501
3593,3924
3478,3587
3971,3926
3625,3521
3595,3657
3596,3943
3891,3462
3521,3710
3472,3685
3775,3953
3447,3624
3926,3497
3521,3735
3440,3877
3949,3441
3516,3898
3561,3942
3554,3469
3690,3878
3917,3743
3680,3593
3517,3948
3966,3940
3929,3780
3466,3726
3726,3554
3472,3505
3651,3480
3721,3756
3918,3923
3624,3536
3545,3831
3545,3677
3463,3714
3508,3850
3923,3751
3764,3474
3442,3773
3464,3668
3896,3711
3722,3705
3718,3758
3803,3486
3945,3782
3831,3461
3873,3886
3684,3547
3459,3793
3533,3674
3783,3478
3710,3769
3971,3545
3721,3609
3475,3851
3869,3714
3919,3830
3824,3528
3735,3710
3884,3640
3872,3495
3966,3684
3562,3919
3782,3483
3501,3851
3586,3475
3601,3568
3473,3857
3945,3561
3625,3618
3460,3956
3687,3858
3557,3670
3588,3455
3521,3740
3545,3491
3506,3903
3613,3830
3456,3651
3684,3741
3794,3909
3868,3819
3615,3835
3845,3488
3703,3971
3452,3902
3979,3779
3658,3800
3631,3648
3891,3702
3558,3768
3909,3511
3490,3580
3564,3825
3473,3628
3896,3506
3797,3697
3886,3552
3475,3842
3491,3684
3739,3874
3764,3752
3535,3694
3631,3792
3756,3785
3438,3540
3788,3841
3630,3738
3497,3658
3918,3749
3961,567
3739,3892
3569,3591
3902,3576
3651,3877
3841,3693
3577,862
3830,3966
3810,3906
3648,3924
3815,3921
3568,3818
3905,3490
3625,3721
3471,3902
3951,3903
3633,3501
3817,3851
3529,3464
3473,3871
3786,3524
3722,3773
3836,3465
3898,3919
3609,3750
3599,3802
3883,3898
3824,3831
3956,3554
3831,3495
3830,3574
3627,3545
3469,3443
3672,3603
3587,3967
3640,3731
3501,3841
3684,3677
3943,3677
3821,3906
3680,3617
3638,3716
3821,3933
3927,3945
3926,3934
3869,3617
3577,3948
3756,3750
3761,3469
3885,3801
3940,3475
3643,3909
3443,3630
3647,3799
3969,3646
3649,3695
3688,3556
3495,3633
3559,3485
3761,3510
3604,3576
3667,3540
3605,3824
3674,3480
3912,3739
3670,3635
3448,3611
3486,3924
3756,3948
3481,3639
3444,3849
3706,3705
3829,3529
3705,3590
3711,3620
3896,3810
3898,3562
3480,3830
3961,3925
3851,3672
3449,3491
3534,3829
3684,3496
3486,3900
3849,3742
3738,3466
3593,3631
3502,3813
3558,3924
3797,3573
3495,3944
3821,3622
3684,3734
3873,3852
3938,3966
3870,3714
3957,3579
3568,3645
3806,3679
3833,3591
3485,3518
3604,3456
3643,3646
3707,3542
3883,3639
3579,3476
3488,3845
3929,3656
3568,3564
3906,3623
3495,3525
3545,3968
3930,3672
3578,3737
3635,3731
3708,3571
3829,3761
3535,3532
3488,3926
3473,3739
3663,3590
3683,3830
3528,3838
3976,3947
3830,3670
3559,3545
3586,3756
3670,3824
3657,3538
3771,3855
3611,3913
3558,3643
3532,3767
3702,3938
3640,3604
3713,3753
3756,3968
3756,3797
3535,3534
3861,3733
3458,3593
3518,3702
3951,3714
3638,3918
3891,3704
3930,3545
3485,3804
3460,3568
3625,3674
3913,3731
3702,3475
3884,3488
3440,3842
3778,3827
3842,3525
3645,3617
3648,3706
3596,3731
3611,3737
3761,3972
3945,3459
3951,3711
3495,857
3550,3496
3972,3469
3680,3466
3573,3552
3495,3851
3591,3555
3760,3962
3850,3442
3596,3514
3810,3468
3874,3868
3654,3703
3452,3891
3604,3559
3979,3592
3523,3898
3814,3446
3596,3930
3975,3476
3845,3966
3684,3697
3654,3456
862,698
3711,3646
3441,3949
3800,3804
3702,3824
3930,3611
3767,3532
3769,3526
3483,3754
3677,3454
3728,3590
3638,3844
3921,3753
3562,3639
3932,3716
3768,3568
3593,3711
3525,3512
3702,3545
3797,3501
3505,3512
3906,3821
3776,3964
3838,3640
3658,3497
3870,3947
3454,567
3539,3823
3546,3531
3962,1085
3481,3581
3580,3546
3927,3507
3918,3465
3855,3822
3449,3851
3449,3948
3469,3764
3800,3962
3972,3945
3679,3447
3639,3898
3521,3526
3972,3738
3501,3797
3863,3894
3830,3488
3531,3949
3972,3956
3586,3456
3672,3797
3909,3680
3624,3447
3931,3617
3938,3703
3484,3968
3917,3874
3892,3912
3618,3684
3884,3545
3532,3927
3651,3683
3738,3529
3463,3924
3829,3460
3471,3938
3913,3604
3934,3838
3529,3468
3806,3894
3529,3614
3514,3790
3531,3863
3620,3810
3576,3573
3826,3947
3452,3824
3527,3838
3822,3794
3872,3550
3926,3462
3884,3824
3743,3871
3758,3793
3966,3658
3938,3654
3782,3460
3800,3503
3886,3877
3697,3586
3785,3860
3938,3804
3829,3915
3466,3937
3590,3705
3543,3605
3596,3884
3652,3665
3753,3442
3697,3831
3608,3615
3491,3851
567,3454
3756,3824
3968,3683
3549,3812
3540,3797
3577,3780
3746,3846
3917,3628
3903,3870
3493,3900
3546,3679
3485,3845
3677,3692
3930,3926
3442,3508
3456,3797
3559,3944
3666,3710
3841,3448
3612,3837
3559,3891
3558,3593
3540,3842
3876,3521
3475,3611
3796,3470
3557,3790
3445,3868
3779,3941
3873,3737
3612,3464
3783,3933
3472,3629
3564,3878
3493,3924
3581,3695
3550,3573
3569,3900
3594,3481
3526,3563
3659,3979
3488,3877
3796,3721
3456,3703
3562,3695
3684,3563
3791,3442
3869,3486
3581,3594
3943,3873
3966,3596
3717,3830
3705,3486
3888,3592
3576,3902
3761,3829
3611,3605
3710,3666
3943,3609
3518,3557
3713,3835
3932,3799
3480,3968
3868,3595
3462,3604
3573,3488
3478,3766
3558,3958
3818,3866
3495,3618
3446,3549
3860,3578
3782,3623
3914,3915
862,3779
3609,3501
3464,3724
3731,3604
3860,3830
3557,3860
3634,3474
3877,3838
3881,3535
3758,3534
3662,3546
3764,3645
3617,3793
3794,3643
3507,3511
3835,3705
3510,3829
3609,862
3611,3518
3452,3488
3671,3882
3841,3734
3609,3797
3586,3830
3955,3690
3902,3930
3858,3611
3836,3476
3577,3642
3804,3514
3730,3832
3937,3534
3838,3930
3513,3799
3662,3812
3493,3646
3511,3566
3455,3636
3743,3473
3523,3639
3605,3948
3455,3728
3938,3692
3614,3534
3698,3442
3601,3818
3540,3971
3564,3534
3656,3540
3800,3790
3938,3471
3901,3482
3869,3906
3728,3862
3958,3558
3763,3646
3643,3718
3831,3684
3553,3508
3529,3758
3792,3584
3578,3611
3896,3969
3881,3499
3584,3690
3646,3493
3892,3725
3657,3725
3728,3753
3705,3802
862,3592
3755,3926
3623,3782
3640,3578
3638,3799
3465,3837
3545,3734
3488,3838
3730,3926
3785,3605
3479,3695
3626,3504
3450,3642
3471,3672
3758,3555
3684,3545
3907,3641
3836,3782
3957,3836
3830,3669
3552,3886
3584,3904
3782,3738
3487,3925
3823,3507
3861,3463
3479,3594
3693,3456
3558,3493
3769,3553
3537,3901
3666,3599
3708,3476
3741,3966
3845,3902
3932,3513
3830,3968
3470,3629
3757,3519
3906,3534
3966,3842
3877,3851
3719,3895
3896,3924
3601,3623
3702,3670
3731,3891
3884,3858
3672,3845
3480,3586
3698,3685
3851,3491
3822,3718
3674,3449
3915,3956
3747,3500
3540,1085
3707,3605
3464,3612
3828,3576
3805,3950
3827,3455
3877,3578
3926,3475
3582,3443
3826,3569
3636,3802
3889,3501
3517,3501
3545,3841
3553,3835
3855,3643
3851,3966
3656,3929
3604,3672
3786,3768
3946,3690
3764,3834
3522,3592
3830,3611
3633,3545
3695,3898
3892,3868
3770,3768
3795,3830
3776,3920
3523,3594
3830,3898
3596,3677
3545,3577
3747,3508
3532,3622
3545,3730
3758,3711
3521,3907
3488,3604
3919,3613
3603,3596
3938,3712
3574,3642
3568,3601
3887,3931
3722,3862
3884,3930
3756,3828
3723,3566
3679,3580
3545,3702
3466,3583
3657,3743
3752,3972
3611,3838
3486,3680
3542,3658
3575,3872
3604,3596
3604,3828
3731,3858
3461,3968
3619,3760
3865,3442
3449,3609
3627,3640
3793,3947
3558,3903
3761,3529
3800,3756
3884,3750
3830,3545
3573,3797
3642,3938
3737,3605
3938,3611
3975,3836
1085,3501
3970,3830
3622,3931
3642,3475
862,3550
3577,3962
3703,3938
3568,3786
3728,3735
3480,3449
3753,3713
3756,3577
3927,3843
3482,3553
3967,3478
3496,3492
3822,3463
3873,3684
3524,3601
3693,3938
3493,3969
3915,3829
3804,3687
3902,3824
3906,3931
3604,3902
3742,3954
3577,3873
3837,3579
3619,3970
3693,3756
3641,3920
3684,3841
3488,3737
3617,3869
3719,3499
3839,3677
3761,3752
3567,3538
3752,3726
3468,3584
3969,3924
3933,3783
3804,3557
3458,3793
3881,3782
3792,3493
3569,3969
1085,3877
3651,3456
3468,3878
3526,3684
3804,3902
3440,3780
3680,3969
3662,3606
3731,3877
3858,3528
3609,3741
3947,3826
3915,3510
3684,3877
3822,3572
3521,3573
3540,3525
3757,3708
3829,3634
3819,3473
3830,3625
3891,3672
3636,3862
3830,3649
3924,3718
3813,3669
3584,3458
3790,3687
3761,3460
3583,3466
3553,3728
3815,3599
3913,3858
3779,3609
3725,3538
3702,3672
698,857
3692,3830
3448,3841
3648,3646
3460,3945
3869,3529
3797,3495
3911,3813
3760,3674
3622,3564
3573,3966
3924,3826
3577,1085
3743,3538
3655,3696
3926,3755
3631,3711
3793,3593
3549,3585
3728,3521
3924,3951
3949,3727
3625,3830
3521,3615
1085,3633
3442,3921
3670,3804
3761,3956
3635,3640
3667,3692
3799,3844
3456,3841
3521,3672
3448,3438
3586,3938
3438,3842
3825,3583
3895,3483
3899,3757
3911,3700
3938,3457
3672,3962
3629,3907
3508,3615
3680,3486
3970,3619
3532,3803
3968,3633
3793,3786
3438,3491
3797,3440
3938,3605
3786,3900
3867,3921
3835,3599
3596,3687
3658,3542
3847,3610
3456,3962
3745,3606
3902,3884
3712,3677
3839,3586
3702,3488
3490,3662
3481,3883
3590,3629
3484,3568
3573,3852
3876,3753
3443,3909
3920,3587
3480,3491
3643,3584
3821,3483
3606,3745
3545,3640
3495,3929
3926,3790
3443,3529
3973,3947
3713,3629
3877,3438
3836,3893
3611,3804
3792,3718
3692,3633
3484,3633
3596,3501
3611,3452
3663,3553
3529,3443
3725,3567
3836,3579
3906,3601
1085,3592
3643,3896
3616,3638
3633,3962
3480,3540
3513,3932
3495,3831
3764,3881
3830,3512
3734,3674
3900,3706
3810,3568
3972,3460
3648,3511
3645,3524
3710,3867
3629,3867
3697,3971
3526,3685
3609,3448
3440,3525
3762,3934
3566,3780
3495,3750
3835,3636
3728,3629
3847,3953
3540,3780
3604,3788
3811,3949
3841,3586
3625,3886
3927,3532
3640,3824
3465,3836
3545,3684
3743,3819
3899,3675
3633,3440
3459,3534
3604,3800
3564,3680
3538,3595
3547,3750
3824,3730
3665,3931
3489,3825
3522,3950
3908,3548
3754,3506
3773,3722
3851,3971
3692,3456
3818,3584
3790,3545
3443,3752
3944,3457
3465,3975
3809,3960
3635,3574
3608,3728
3706,3569
3532,3617
3791,3933
3655,3500
3720,3787
3575,3672
3495,3842
3836,3837
3705,3759
3563,3683
3790,3800
3930,3448
3518,3604
3819,3912
3514,3966
3528,3514
3517,3877
3638,3647
3545,3722
3499,3617
3506,3463
3838,3528
3948,3944
3761,3634
3523,3695
3841,3449
3559,3930
3901,3537
3719,3951
3705,3534
3804,3800
3809,3901
3673,3454
3545,3611
3916,3626
3579,3701
3796,3586
3877,3651
3869,3870
3886,3651
3791,3478
3926,3605
3833,3909
3542,3824
3830,3930
3521,3496
3604,3545
3934,3495
3962,3667
3490,3585
3625,3948
3641,3696
3740,3629
3855,3509
3496,3861
3601,3768
3926,3800
3837,3759
3800,3677
3596,3860
3498,3599
3791,3783
3643,3680
3830,3448
3438,3449
3443,3582
3667,3886
3586,3839
3545,3633
3542,3604
3677,3633
3766,3809
3672,3938
3705,3740
3446,3863
3685,3553
3760,3586
3448,3804
3819,3628
3737,3528
3810,3558
3602,3529
3753,3553
3578,3790
3535,3823
3590,3599
3877,3780
3870,3584
3721,3873
3794,3705
3750,3795
3838,3687
3485,3681
3845,3471
3555,3600
3718,3506
3465,3918
3628,3892
3508,3553
3602,3474
3797,3842
3838,3449
3948,3521
3629,3472
3804,3926
3654,3755
3776,3655
3747,3967
3968,3831
3496,3722
3592,3521
3536,3624
3613,3639
3917,3595
3604,3464
3662,3814
3772,3847
3579,3675
3592,3891
3745,3662
3583,3825
3595,3917
3703,3902
3632,3791
3576,3452
3499,3843
3457,3831
3672,3684
3842,3971
3711,3486
3620,3718
3500,3960
3804,3702
3455,3886
3555,3511
3907,3802
3826,3705
3654,3545
3722,3802
3803,3617
3970,3693
3825,3459
3672,3520
3694,3816
3596,3557
3861,3859
3690,3539
3930,3902
3906,3443
3469,3554
3948,3684
3476,3957
3488,3542
3818,3705
3937,3443
3471,3526
3654,3830
3889,3577
3774,3675
3667,3902
3884,3697
3605,3804
3552,3672
3561,3738
3768,3947
3738,3761
3540,3480
3855,3591
3698,3644
3831,3521
3833,3718
3522,3677
3574,3762
3940,3471
3458,3792
3799,3616
3469,3726
3516,3562
3529,3869
3938,3693
3659,3610
3690,3946
3901,3809
3586,857
3614,3459
3968,3540
3948,3625
3562,3523
3490,3446
3617,3754
3979,3659
3596,3604
3790,3730
3851,3556
3501,3596
3851,3495
3577,3604
3918,3442
3645,3843
3912,3473
3829,3506
3822,3976
3636,3590
3804,3545
3731,3938
3764,3972
3779,3596
3633,3677
3450,3804
3842,3697
3521,3592
3941,3779
3782,3767
3442,3867
3945,3474
3636,3728
3850,3505
3577,3938
3721,3621
3491,3480
3682,3949
3738,3668
3734,3962
3618,3797
3775,3660
3711,3631
3615,3498
3965,3701
3569,3506
3462,3576
3690,3927
3674,3750
3495,3667
3756,3456
3949,3771
3633,3796
3458,3468
3687,3804
3584,3493
3651,3674
3617,3499
3966,3471
3633,3651
3919,3481
3677,3839
3889,3756
3674,3888
3866,3468
3633,3484
3745,3812
3501,3721
3639,3830
3723,3504
3448,3697
3854,3918
3804,3448
3460,3768
3946,3781
3945,3668
3584,3646
3947,3976
3564,3690
3483,3782
3536,3606
3767,3803
3576,3858
3538,3874
3804,3604
3610,3772
3815,3715
3564,3622
3830,3744
3824,3670
3655,3964
3558,3646
3938,3625
3830,3533
3754,3927
3450,3731
3739,3725
3646,3584
3701,3910
3779,3522
3664,3696
3482,3521
3863,3624
3943,3545
3929,3756
3569,3869
3786,3810
3829,3515
3826,3906
3966,3838
857,3626
3506,3509
3644,3607
3718,3458
3877,3440
3858,3545
3550,862
3938,3527
3577,3586
3859,3861
3470,3442
3629,3599
3900,3833
3850,3629
3465,3759
3759,3675
3915,3464
3971,3780
3841,3830
3725,3819
3442,3685
3873,3456
1085,3943
3893,3941
3492,3756
3909,3931
3740,3615
3445,3725
3841,3929
3707,3891
3607,3747
3574,3640
3529,3777
3886,3684
3878,3564
3745,3727
3621,862
3755,3703
3768,3460
3545,3448
3873,3721
3756,3721
3850,3472
3819,3868
3480,3756
3786,3947
3809,3783
3810,3584
3438,3501
3828,3448
3586,3448
3851,3943
3629,3815
3521,3484
3470,3710
3503,3576
3849,3904
3692,3683
3513,3952
3810,3646
3966,3828
3863,3446
3633,3438
3558,3906
3614,3825
3576,3790
3834,3821
3596,3737
3532,3956
3861,3904
3877,3971
3919,3479
3693,3454
3951,3643
3971,3968
3514,3456
3888,3950
3480,3651
3617,3821
3642,3731
3591,3706
3737,3800
3592,3522
3877,3573
3891,3658
3918,3799
3457,3703
3962,3672
3495,3721
3448,3948
3563,3962
3486,3794
3824,3800
3526,3629
3833,3584
3963,3939
3902,3542
3545,3913
3771,3490
3948,3475
3470,3767
3971,3755
3506,3794
3913,3707
3593,3648
3605,3737
3576,3503
3474,3630
3546,3894
3906,3758
3778,3753
3488,3475
3542,3817
3830,3552
3713,3715
3907,3615
3756,3877
3654,3804
3514,3640
3487,3496
3448,3684
3608,3590
3449,3586
3595,3538
3883,3581
3515,3855
3603,3828
3830,3962
3459,3564
3821,3584
3598,3508
3776,3791
3555,3810
3828,3938
3660,3847
3455,3907
3790,3737
3919,3898
3662,3566
3618,3495
3506,3833
3830,3765
3831,3817
3842,3440
3715,3815
3587,3960
3857,3538
3838,3603
3526,3850
3461,3559
3975,3519
3472,3442
3712,3938
3520,3971
3609,1085
3764,3620
3470,3521
3633,3456
3491,3448
3440,3540
3963,3546
3557,3737
3599,3666
3608,3921
3948,3693
3689,3721
3596,3762
3495,3734
3824,3926
3468,3945
3791,3678
3920,3933
3463,3794
3843,3829
3500,3776
3766,3478
3581,3516
3502,3700
3873,3971
3641,3960
3541,3874
3479,3523
3514,3838
3728,3553
3610,3732
3948,3501
3907,3740
3862,3608
3578,3633
3886,3756
3804,3635
3448,3734
3543,3542
3574,3828
3951,3646
3738,3915
3543,3576
3640,3518
3780,3596
3936,3505
3711,3718
3497,3576
3828,3707
3635,3838
3555,3777
3456,3762
3569,3458
3906,3786
3509,3718
3667,3962
3789,3720
3636,3722
3883,3830
3924,3569
3521,3722
3681,3707
3636,3442
3456,3545
3730,3731
3528,3545
3705,3615
3521,3921
3618,3609
3842,3475
3501,3760
3633,3721
3728,3769
3463,3506
3677,3596
3958,3826
3577,3525
3698,3747
3493,3458
3711,3584
3726,3945
3596,3672
3711,3903
3710,3455
3656,3625
3758,3719
3651,3577
3677,3888
3943,3838
3461,3456
3473,3912
3823,3539
3668,3529
3831,3559
3578,3938
3787,3751
3797,3618
3824,3501
3604,3514
3742,3444
3534,3535
3506,3958
3804,3762
3921,3455
3971,3480
3596,3674
3826,3969
3794,3558
3468,3623
3841,3492
3819,3538
3768,3690
3951,3924
3975,3759
3519,3476
3501,3943
3456,3858
3933,3960
3776,3933
3512,3604
3920,3696
3701,3975
3763,3584
3848,3918
3851,3609
3710,3629
3586,3454
3870,3690
3824,3756
3601,3906
3526,3862
3862,3835
3838,3877
3525,3873
3734,3449
3549,3814
3906,3768
3675,3708
3495,3448
3511,3794
3479,3883
3874,3541
3934,3559
3525,3625
3493,3506
3895,3719
3904,3861
3756,3707
3961,3723
3851,3449
3586,3651
3627,3559
3557,3627
3873,3902
3809,3791
3874,3917
3737,3450
3469,3561
3741,3830
3604,3601
3672,3804
3473,3541
3702,3640
3474,3761
3481,3898
3644,3553
3442,3918
3521,3778
3763,3511
3593,3906
3460,3900
3499,3825
3511,3555
3646,3506
3633,3449
3707,3527
3454,3642
3737,3860
3813,3864
3693,3596
3844,3799
3782,3818
3724,3511
3604,3915
3947,3866
3484,3475
3747,3920
3456,3971
3670,3514
3545,3651
3624,3490
3804,3737
3737,3642
3486,3793
3503,3640
3877,3902
3867,3442
3900,3947
3750,3779
3756,3943
3863,3531
3590,3944
3593,3534
3554,3510
3649,3516
3454,3605
3466,3761
3797,3491
3543,3526
3821,3690
3479,3581
3518,3605
3757,3465
3916,3592
3886,3948
3667,3495
3497,3790
3685,3840
3797,3796
3649,3613
3948,3656
3655,3967
3725,3868
3495,3938
3881,3821
3968,3962
3466,3443
3916,3847
3581,3649
3971,3491
3725,3628
3873,3667
3672,3785
3938,3948
3461,3930
3761,3474
3938,3831
3931,3460
3826,3584
3674,3760
3539,3895
3710,3553
3511,3648
3793,3758
3968,3884
3521,3797
3891,3573
3446,3580
3573,3877
3708,3918
3858,3604
3511,3900
3456,3495
3804,3528
3842,3908
3711,3881
3747,3547
3440,3501
3605,3838
3718,3900
3497,3543
3697,3456
3927,3610
3850,3698
3577,3756
3584,3468
3698,3629
3628,3445
3804,3672
3464,3630
3534,3937
3894,3863
3685,3598
3491,3788
3711,3458
3851,3741
3951,3793
3617,3532
3757,3957
3683,3656
3830,3674
3604,3731
3903,3794
3596,3525
3948,3841
3850,3685
3931,3510
3761,3945
3687,3542
3818,3764
3714,3680
3521,3827
3721,3495
3782,3468
3521,3482
3743,3657
3960,3747
3527,3930
3642,3596
3629,3735
3675,3519
3542,3545
3515,3511
3734,3884
3490,3682
1085,3651
3674,3847
3804,3503
3611,3971
3442,3710
3656,3968
3842,3491
3593,3601
3604,3555
3948,3877
3792,3882
3710,3599
3930,3938
3769,3521
3862,3455
3967,3500
3758,3459
3740,3498
3882,3680
3693,3684
3590,3666
3567,3628
3931,3665
3824,3687
3578,3731
3527,3448
3591,3794
3738,3726
3702,3576
3626,3979
3737,3687
3819,3743
3761,3915
3677,3697
3793,3558
3926,3884
3661,3908
3547,3496
3470,3553
3747,3783
3525,3683
3577,3449
3643,3895
3560,3830
3822,3706
3672,3575
3824,3514
3696,3587
3625,3692
3618,3449
3488,3830
3577,3618
3690,3869
3833,3896
3708,3836
3439,3513
3693,3577
3776,3766
3593,3738
3949,3745
3547,3779
3620,3506
3830,3467
3800,3830
3539,3890
3648,3558
3681,3627
3439,3638
3672,3891
3440,3633
3450,3596
3889,3449
3829,3510
3803,3821
3823,3535
3972,3554
3774,3708
3456,3609
1085,3948
3787,3923
3545,3800
3836,3899
3756,3637
3696,3967
3611,3596
3538,3541
3918,3774
3966,3737
3504,3723
3692,3480
3800,3785
3616,3439
3784,3466
3610,3659
3611,3902
3967,3474
3705,3794
3518,3514
3634,3443
3838,3938
3485,3448
3572,3486
3522,3930
3471,3877
3708,3519
3938,3736
3771,3949
3713,3921
3491,3797
3940,3542
3611,3528
3563,3540
3692,3938
3873,3966
3449,3971
3842,3495
3680,3569
3491,3845
3472,3553
3706,3515
3554,3945
3927,3584
3947,3758
3506,3969
3976,3833
3791,3500
3956,3529
3966,3545
3842,3929
3509,3906
3532,3610
3851,3448
3558,3793
3505,3850
3561,3927
3828,3790
3548,3948
3701,3465
3514,3913
3810,3768
3711,3680
3611,3556
3829,3777
3796,3950
3867,3629
3790,3913
3734,3677
3962,3830
3558,3945
3619,3880
3719,3648
3755,3545
3822,3793
3517,3830
3457,3944
3521,3492
3760,3633
3556,3684
3604,3528
3707,3640
3593,3555
3861,3726
3799,3439
3804,3527
3596,3450
3947,3768
3838,3860
3505,3482
3586,3449
3514,3627
3736,3968
3684,3736
3958,3767
3800,3576
3815,3728
3553,3470
3701,3519
3719,3770
3890,3539
3641,3933
3628,3962
3593,3833
3551,3504
3750,3618
3662,3682
3792,3951
3511,3866
3488,3485
3754,3483
3718,3792
3909,3924
3478,3776
3677,3962
3527,3938
3825,3489
3534,3506
3470,3876
3758,3906
3506,3758
3569,3593
3962,3604
3579,3757
3625,3449
3525,3886
3738,3561
3545,3788
3738,3630
3948,3736
3919,3883
3814,3949
3971,3838
3909,3726
3902,3731
3640,3503
3496,3550
3694,3535
3519,3759
3470,3753
3794,3870
3931,3764
3910,3836
3539,3690
3836,3708
3785,3576
3796,3633
3947,3794
3829,3767
3633,3756
3511,3763
3521,3666
3683,3877
3898,3830
3828,3677
3680,3931
3693,3540
3752,3582
3790,3557
3830,3586
3532,3535
3799,3932
3809,3766
3605,3687
3929,3512
3592,3626
3969,3903
3545,3596
3877,3605
3936,3598
3825,3758
3574,3557
3545,3450
3463,3869
3968,3797
3841,3656
3499,3821
3836,3975
3629,3778
3528,3702
3464,3915
3880,3495
3817,3542
3514,3824
3722,3713
3472,3508
3677,3948
3969,3758
3968,3756
3587,3964
3521,3629
3505,3644
3687,3514
3506,3706
3764,3895
3950,3805
3838,3926
3705,3835
3836,3612
3506,3584
3486,3591
3577,3841
3718,3793
3960,3696
3599,3722
3541,3538
3464,3726
3495,3461
3715,3590
3599,3608
3898,3479
3499,3834
3677,3734
3448,3677
3822,3792
3469,3474
3680,3718
3440,3545
3891,3545
3831,3938
3592,3677
862,3721
3710,3753
3469,3761
3625,3577
3799,3480
3475,3448
3948,3677
3545,3518
3684,3852
3449,3841
3695,3613
3604,3756
3722,3608
3705,3793
3604,3497
3900,3829
3627,3528
3724,3539
3474,3464
3762,3596
3690,3617
3683,3968
3710,3740
3924,3648
3545,3672
3443,3956
3800,3762
3722,3553
3495,3830
3612,3673
3707,3730
3793,3591
3931,3887
3442,3907
3842,3736
3706,3924
3442,3553
3905,3662
3833,3906
3833,3822
3787,3720
3758,3768
3888,3872
3866,3584
3611,3576
3893,3836
3800,3512
3599,3773
3493,3951
3851,3797
3778,3629
3645,3535
3915,3945
3734,3938
3495,1085
3828,3684
3977,3663
3830,3481
3488,3528
3633,3654
3756,3886
3735,3728
3475,3684
3633,3684
3758,3506
3633,3968
3731,3596
3734,3480
3788,3449
3512,3525
3693,3556
3608,3521
3488,3824
3475,3471
3550,3667
3449,3830
3455,3773
3929,3495
3858,3737
3921,3728
3596,3877
3661,3897
3599,3907
3725,3892
3866,3782
3537,3887
3964,3956
3826,3909
3931,3622
3734,3440
3464,3466
3734,3533
3657,3868
3943,3604
3545,3674
3651,3873
3907,3705
3568,3506
3612,3759
3900,3793
3651,3938
3938,3596
3525,3948
3506,3786
3555,3593
3753,3876
3898,3481
3633,3656
3756,3477
3509,3896
3830,3692
3800,3545
3684,3471
3671,3768
3545,3514
3976,3855
3682,3447
3664,3776
3785,3707
3926,3545
3702,3804
3604,3770
3864,3669
3611,3800
3665,3652
3690,3768
3640,3687
3874,3739
3945,3630
3509,3506
3655,3791
3500,3655
3710,3590
3546,3549
3628,3538
3906,3803
3825,3821
3516,3830
3823,3714
3566,3723
3832,3482
3608,3455
3579,3836
3797,3456
3639,3479
3780,3684
3825,3927
3516,3883
3830,3635
3692,3841
3627,3485
3566,3961
3545,3687
3924,3591
3757,3975
3692,1085
3657,3857
3571,3957
3509,3486
3721,3702
3850,3753
3828,3633
3866,3623
3873,3495
3877,3966
3604,3830
3708,3837
3804,3838
3707,3838
3733,3954
3508,3728
3921,3710
3838,3940
3625,3962
3957,3476
3613,3649
3715,3921
3611,3578
3891,3916
3750,3948
3968,3667
3735,3608
3764,3499
3815,3867
3966,3604
3680,3506
3690,3483
3597,3521
3822,3924
3923,3720
3718,3951
1085,3456
3684,3526
3528,3576
3865,3740
3680,3833
3579,3837
3971,3495
3917,3538
3452,3877
3442,3505
3900,3584
3833,3509
3463,3593
3737,3557
3448,3449
3579,3774
3829,3630
3947,3793
3751,3749
3924,3900
3455,3442
3713,3907
3797,3621
3456,3557
3695,3523
3635,3670
3918,3579
3793,3818
3559,3542
3466,3784
3950,3550
3971,3842
3586,3760
3443,3593
3705,3569
3586,3948
3804,3559
3832,3518
3719,3764
3960,3478
3943,1085
3912,3868
3627,3604
3776,3747
3919,3695
3830,3797
3930,3542
3518,3497
3932,3647
3943,3938
3898,3639
3668,3464
3750,3884
3488,3731
3576,3574
3943,3926
3507,3690
3760,3619
3790,3542
3860,3966
3832,3635
3611,3966
3968,3703
3835,3815
3800,3938
3749,3720
3660,3610
3920,3964
3758,3558
3824,3557
3491,3540
3763,3810
3904,3444
3833,3643
3687,3702
3966,3902
3640,3574
3921,3666
3563,3968
3655,3783
3525,3596
3596,3577
3937,3752
3529,3915
3831,3457
3921,3907
3493,3593
3535,3468
3759,3774
3968,3842
3778,3521
3614,3529
3583,3494
3550,1085
3830,3926
3966,3731
3488,3702
3468,3777
3662,3549
3793,3931
3687,3640
3692,3495
3571,3708
3593,3810
3693,3692
3474,3602
3545,3604
3845,3475
3979,3522
3692,3449
3783,3809
3803,3777
3559,3838
3896,3584
3633,3495
3783,3960
3658,3604
3851,3750
3558,3786
3851,3780
3768,3770
3779,3979
3900,3951
3692,3886
3794,3833
3508,3698
3459,3614
3621,3689
3458,3648
3506,3511
3596,3851
3758,3718
3917,3819
3672,3503
3620,3558
3716,3932
3743,3912
3521,3962
3841,3677
3573,3525
3521,3598
3768,3818
3917,3857
3902,3545
3464,3604
3553,3722
3672,3877
3486,3572
3933,3920
3752,3937
3776,3478
3851,3618
3639,3516
3633,3828
3966,3926
3924,3896
3902,3573
3672,3930
3825,3561
3851,3692
3525,3674
3677,3449
3793,3705
3830,3495
3696,3776
3550,3633
3442,3753
3558,3463
3448,3475
3782,3763
3764,3767
3830,3560
3892,3917
3609,3756
3797,3577
3734,3830
3602,3829
3646,3643
3633,3948
3677,3651
3577,3633
3838,3943
3508,3500
3485,3627
3469,3464
3542,3730
3690,3821
3663,3977
3708,3759
3602,3972
3976,3924
3623,3468
3947,3951
3527,3702
3938,3670
3608,3867
3847,3674
3841,3756
3596,3790
3913,3804
3743,3857
3499,3483
3678,3564
3832,3830
3684,3440
3672,3928
3683,3667
3886,3609
3605,3731
3880,3830
3469,3881
3579,3918
3495,3687
3894,3963
3648,3763
3967,3933
3747,3809
3830,3651
3869,3572
3868,3874
3657,3628
3873,3471
3468,3645
3886,3563
3498,3715
3539,3904
3625,3667
3722,3442
3490,3814
3873,3577
3493,3680
3640,3702
3786,3945
3596,3962
3454,3693
3698,3840
3594,3695
3760,3514
3971,3873
3520,3550
3466,3821
3682,3549
3540,3734
3707,3627
3620,3711
3718,3680
3596,3785
3888,3610
3628,3567
3731,3860
3495,3968
3682,3536
3768,3524
3599,3636
3797,3830
3938,3828
3456,3800
3763,3924
3468,3529
3684,1085
3620,3714
3563,3553
3539,3678
3842,3484
3625,3684
3656,3886
3926,3968
3822,3569
3593,3786
3743,3739
3577,3656
3620,3870
3968,3692
3813,3502
3824,3858
3684,3667
3695,3516
3945,3761
3760,3533
3774,3701
3867,3521
3580,3490
3721,3577
3444,3904
3471,3852
857,3621
3676,3652
3698,3482
3803,3564
3501,3674
3930,3475
3777,3529
3908,3897
3483,3878
3525,3573
3790,3858
3971,3750
3758,3761
3485,3488
3782,3906
3685,3644
3640,3858
3735,3599
3458,3900
3690,3499
3933,3641
3558,3758
3696,3641
3750,3651
3824,3938
3521,3608
3824,3966
3512,3800
3855,3558
3967,3747
3870,3711
3633,3877
3586,3692
3593,3719
3796,3501
3715,3835
3915,3738
3938,3491
3838,3576
3794,3969
3830,3842
3477,3847
3674,3886
3611,3475
3495,3684
3696,3664
3464,3738
3514,3926
3938,3697
3938,3518
3725,3739
3945,3468
3858,3721
3577,3651
3541,3892
3519,3957
3555,3604
3475,3873
3738,3752
3590,3921
3526,3442
3635,3926
3930,3596
3605,3756
3913,3860
3739,3595
3809,3776
3945,3558
3860,3518
3731,3800
3737,3790
3680,3951
3738,3937
3890,3803
3966,3877
3571,3836
3519,3705
3633,3577
3814,3682
3678,3442
3913,3545
3468,3881
3842,3780
3518,3670
3540,3471
3680,3493
3525,3656
3824,3488
3804,3845
3545,3586
3803,3869
3775,3547
3608,3694
3587,3791
3516,3581
3723,3551
3486,3714
3879,3918
3880,3970
3518,3707
3506,3680
3672,3521
3906,3569
3579,3465
3544,3808
3529,3945
3915,3466
3917,3725
3701,3476
3718,3833
3968,3495
3726,3829
3593,3951
3602,3770
3448,3495
3544,3888
3568,3947
3977,3442
3871,3725
3930,3576
3633,3851
3487,3566
3596,3611
3591,3833
3713,3498
3692,3618
3592,3589
3684,3872
3617,3830
3867,3862
3550,3525
3966,3485
3951,3509
3452,3573
3640,3804
3764,3612
3838,3635
3667,3968
3519,3571
3717,3744
3510,3668
3443,3738
3596,3730
3506,3855
3552,3573
3529,3947
3534,3825
3497,3902
3800,3640
3884,3968
3737,3858
3595,3739
3824,3576
3514,3687
3841,3545
3818,3793
3945,3460
3602,3460
3772,3610
3604,3501
3966,3687
3469,3915
3545,3891
3553,3521
3906,3833
3728,3498
3833,3486
3794,3903
3593,3509
3695,3479
3969,3951
3577,3693
3540,3438
3611,3545
3788,3677
3629,3470
3725,3541
3719,3458
3866,3568
3604,3633
3514,3557
3782,3866
3829,3554
3440,3596
3576,3926
3594,3562
3740,3815
3769,3599
3605,3938
3555,3515
3464,3443
3577,3968
3817,3485
3924,3506
3967,3964
3718,3711
3721,3633
3684,3495
3851,3633
3838,3851
3721,3684
3456,3604
3971,3550
3573,3526
3768,3786
3926,3488
3713,3710
3599,3526
3498,3615
3525,3440
3847,3979
3527,3542
3945,3554
3528,3488
3628,3739
3444,3861
3703,3545
3671,3958
3592,3888
3766,3500
3907,3590
3602,3466
3622,3719
3877,3692
3824,3737
3964,3587
3518,3545
3666,3590
3665,3676
3574,3891
3815,3615
3702,3845
3951,3591
3631,3903
3683,3756
3535,3927
3454,3673
3774,3837
3893,3825
3884,3838
3764,3610
3618,3456
3790,3804
3962,3797
3529,3601
3768,3782
3449,3618
3651,3851
3640,3611
3730,3707
3506,3620
3840,3553
3858,3913
3851,3877
3524,3768
3617,3878
3628,3819
3851,3948
3941,3645
3624,3905
3670,3578
3612,3764
3734,3667
3948,3929
3604,3627
3475,3488
862,3684
3712,3586
3779,3454
3534,3612
3663,3599
3640,3707
3449,3734
3906,3794
3501,3800
3739,3868
3927,3782
3556,3693
3877,3501
3527,3557
3877,3609
3442,3735
3498,3835
3578,3877
3501,3449
3881,3468
3822,3486
3862,3867
3966,3488
3530,3723
3831,3842
3755,3440
3858,3576
3508,3505
3938,3790
3823,3464
3593,3793
3698,3526
3718,3969
3505,3685
3665,3489
3480,3438
3545,3858
3819,3739
3810,3881
3523,3613
3790,3731
3909,3569
3877,3452
3584,3821
3613,3919
3842,3966
3529,3554
3819,3874
3491,3545
3791,3766
3455,3778
3730,3604
3684,3556
3529,3726
3895,3612
3889,3938
3828,3514
3867,3815
3714,3463
3740,3977
3907,3629
3812,3662
3702,3687
3634,3915
3877,3683
3943,3448
3868,3445
3966,3780
3555,3617
3850,3455
3800,3528
3829,3474
1085,3674
3938,3604
3633,3943
3899,3774
3460,3602
3480,3667
3833,3826
3797,3968
3642,3838
3542,3628
3768,3601
3769,3470
3629,3722
3504,3626
3627,3681
3674,1085
3860,3633
3957,3830
3930,3635
3460,3881
3957,3519
857,3495
3830,3943
3444,3742
3659,3772
3596,3449
3576,3658
3656,3683
3924,3558
3702,3721
3455,3740
3883,3594
3693,3491
3488,3611
3593,3818
3596,3800
3442,3728
3687,3824
3630,3945
3510,3738
3656,3842
3838,3527
3534,3881
3534,3468
3613,3523
3456,3596
3825,3600
3800,3456
3915,3634
3966,3514
3608,3713
3972,3443
3455,3629
3649,3919
3825,3612
3443,3972
3924,3763
3669,3830
3902,3860
3648,3593
3924,3680
3868,3912
3596,3540
3945,3909
3602,3761
3586,3604
3755,3654
3573,3452
3913,3611
3674,3830
3701,3757
3595,3912
3866,3906
3528,3640
3477,3651
3943,3501
3740,3907
3831,3545
1085,3677
3947,3931
3736,3731
3521,3769
3930,3471
3535,3623
3499,3881
3711,3643
3841,3684
3737,3640
3809,3500
3483,3937
3721,1085
3620,3648
3456,3948
3566,3487
3704,3891
3958,3506
3832,3702
3636,3599
3677,3756
3585,3446
3491,3938
3900,3614
3638,3932
3690,3803
3902,3830
3636,3615
3803,3793
3548,3661
3785,3545
3501,3456
3886,3962
3948,3609
3609,3449
3833,3793
3547,3950
3948,3760
3908,3495
3540,3491
3468,3601
3629,3876
3672,3611
3611,3633
3969,3900
3731,3576
3521,3705
3604,3734
3738,3754
3625,3756
3510,3881
3455,3867
3764,3915
3841,3501
3623,3758
3462,3672
3596,3734
3661,3737
3975,3837
3611,3497
3793,3768
3498,3713
3711,3792
3857,3917
3521,3948
3634,3945
3578,3604
3615,3705
3794,3593
3523,3479
3858,3824
3948,3797
3511,3738
3580,3679
3851,3438
3545,3851
3895,3775
3862,3498
3741,3684
3495,3908
3886,3674
3852,3545
3509,3900
3857,3567
3645,3604
3687,3528
3784,3438
3747,3607
3576,3838
3442,3865
3578,3824
3596,3576
3928,3633
3495,3449
3642,3577
3830,3804
3844,3638
3540,3667
3538,3657
3456,3438
3630,3464
3568,3614
3605,3574
3804,3456
3938,3514
3829,3900
3590,3728
3462,3762
3610,3764
3896,3643
3526,3543
3535,3866
3692,3948
3721,3948
3577,3495
3927,3821
3642,3779
3481,3516
3442,3876
3720,3632
3824,3462
3517,3756
3913,3450
3672,3496
3648,3810
3438,3760
3651,3501
3900,3969
3830,3633
3819,3917
3612,3600
3700,3813
3872,3522
3696,3920
3877,3596
3498,3728
3660,3780
3629,3753
3800,3448
3558,3951
3909,3558
3706,3463
3966,3891
3706,3833
3442,3802
862,3609
3508,3598
3535,3645
3690,3622
3896,3951
3728,3815
3828,3658
3971,3456
3903,3558
3596,3658
3786,3568
3554,3474
3476,3675
3867,3753
3445,3819
3577,3886
3685,3526
3674,3692
3860,3611
3438,3480
3968,3480
3680,3714
3674,3962
3562,3581
3501,3824
3938,3721
3503,3838
3524,3770
3468,3680
3815,3835
3448,3737
3938,3475
3534,3758
3595,3725
3947,3810
3611,3604
3938,3633
3680,3711
3951,3870
3741,3563
3520,3496
3448,3604
3674,3788
3785,3611
3951,3794
3584,3758
3710,3715
3750,3456
3449,3938
3861,3621
3964,3561
3501,3842
3845,3693
3440,3797
3558,3855
3655,3960
3443,3464
3550,3521
3718,3903
3821,3738
3576,3824
3850,3722
3616,3699
3496,3487
3613,3883
3446,3662
3499,3758
3777,3617
3767,3958
3842,3877
3596,3832
3497,3966
3657,3567
3469,3945
3841,3577
3830,3449
3639,3695
3645,3764
3722,3907
3809,3587
3598,3685
3443,3937
3596,3586
3586,3438
3576,3528
3938,3877
3529,3829
3647,3638
3838,3452
3611,3514
3497,3804
3576,3604
3693,3677
3800,3731
3681,3804
3479,3649
3542,3635
3836,3957
3673,3530
3680,3643
3590,3663
3604,3860
3902,3877
3841,3962
3845,3485
3496,3520
3920,3747
3722,3778
3463,3822
3947,3569
3758,3924
3613,3562
3506,3924
3930,3934
3824,3731
3876,3442
3605,3635
3584,3866
3785,3672
3684,862
3818,3782
3972,3602
3719,3493
3956,3761
3611,3851
3828,3578
3459,3782
3830,3577
3842,3577
3964,3933
3542,3702
3476,3774
3897,3548
3495,3692
3605,3514
3909,3463
3833,3794
3633,3604
3747,3696
3776,3809
3790,3938
3949,3531
3508,3791
3623,3768
3643,3711
3607,3505
3860,3804
3627,3824
3967,3776
3449,3674
3940,3543
3780,3741
3499,3829
3625,3656
3540,3684
3741,3938
3471,3484
3672,3552
3971,3734
3591,3714
3931,3583
3489,3676
3596,3902
3525,3721
3535,3881
3664,3615
3561,3825
3840,3505
3804,3485
3823,3927
3930,3838
3795,3533
3627,3702
3592,3979
3611,3860
3667,3842
3790,3635
3973,3784
3851,3842
3551,3496
3750,3797
3945,3464
3743,3874
3754,3555
862,3577
3902,3488
3833,3506
3679,3939
3966,3491
3752,3761
3903,3711
3475,3926
3895,3680
3478,3933
3941,3442
3456,3943
3684,3886
3785,3731
3793,3900
3830,3851
3708,3975
3481,3594
3557,3640
3566,3662
3800,3604
3621,3861
3930,3461
3590,3756
3538,3912
3976,3793
3938,3838
3750,3971
3491,3438
3786,3782
3651,3884
3938,3684
3695,3594
3523,3883
3442,3521
3668,3761
3884,3737
3930,3891
3449,3838
3873,3501
3918,3759
3556,3492
3653,3720
3601,3823
3586,3480
3659,3950
3546,3939
3466,3945
3591,3593
3968,3684
3660,3775
3869,3826
3855,3976
3705,3553
3559,3604
3440,3971
3779,3930
3696,3500
3884,3804
3541,3473
3841,3633
3635,3542
3561,3612
3616,3799
3618,3540
3662,3531
3902,3497
3625,3873
3817,3496
3514,3737
3800,3926
3762,3800
3883,3523
3596,3635
3713,3867
3960,3791
3666,3921
3514,3542
3664,3901
3475,3526
3646,3969
3699,3439
3895,3506
3730,3518
3547,3628
3831,3526
3458,3903
3786,3631
3556,3817
3852,3672
3637,3565
3731,3913
3605,3880
3596,3966
3938,3640
3482,3472
3852,3926
3563,3830
3533,3795
3863,3585
3573,3902
3558,3584
3708,3675
3608,3862
3640,3737
3514,3830
3810,3593
3880,3908
3802,3521
3870,3643
3601,3529
3442,3608
3587,3655
3707,3576
3926,3611
3773,3778
3579,3957
3768,3623
3975,3701
3449,3625
3530,3487
3870,3706
3794,3900
3595,3857
3629,3698
3851,3440
3838,3891
3557,3938
3603,3790
3542,3672
3525,3962
3501,3604
3857,3725
3822,3458
3812,3536
3510,3464
3481,3562
3786,3758
3790,3830
3614,3900
3962,3877
3556,3851
3648,3711
3938,3578
3646,3758
3629,3921
3609,3962
3615,3664
3443,3466
3601,3786
3819,3657
3514,3760
3903,3631
3542,3687
3540,3841
3921,3802
3944,3495
3768,3558
3948,3525
3711,3719
3870,3924
3598,3698
3621,857
3455,3715
3468,3823
3521,3802
3469,3752
3833,3631
3966,3938
3891,3926
3734,3651
3615,3521
3967,3791
3915,3604
3645,3786
3439,3699
3838,3971
3971,3471
3758,3947
3773,3553
3630,3602
3509,3793
3821,3764
3521,3553
3931,3782
3758,3593
3658,3785
3518,3485
3621,3454
3593,3706
3816,3648
3730,3642
3635,3702
3773,3802
3901,3664
3463,3705
3692,3968
3568,3764
3569,3947
3687,3926
3837,3701
3672,3450
3800,3944
3579,3708
3596,3488
3498,3636
3753,3728
3944,3800
3486,3822
3752,3738
3569,3794
3734,3971
3469,3460
3577,3692
3442,3715
3971,3684
3794,3680
3449,3693
3700,3502
3596,3640
3567,3473
3442,3850
3814,3490
3495,3625
3869,3602
3604,3677
3596,3545
3973,3906
3680,3900
3737,3661
3887,3809
3573,3702
3921,3636
3646,3620
3458,3569
3722,3629
3670,3605
3943,3633
3743,3445
3703,3456
3628,3874
3558,3829
3456,3873
3835,3722
3523,3516
3472,3840
3648,3493
3455,3876
3506,3810
3519,3918
3611,3877
3681,3528
3778,3553
3722,3918
3825,3469
3492,3521
3972,3726
3584,3617
3545,3962
3929,3577
3917,3473
3505,3442
3969,3822
3484,3684
3558,3620
1085,3495
3581,3479
3526,3722
3847,3772
3488,3858
3466,3510
3604,3577
3971,3886
3674,3577
3787,3632
3486,3870
3462,3488
3896,3903
3906,3973
3756,3545
3642,3576
3698,3598
3510,3630
3710,3521
3553,3773
3593,3558
3797,3962
3626,3847
3790,3860
3505,3598
3925,3487
3499,3680
3842,3611
3907,3498
3950,3888
3610,3674
3624,3863
3448,3830
3842,3817
3886,3440
3828,3838
3629,3850
3825,3793
3756,3651
3684,3873
3764,3568
3475,3948
3828,3603
3577,3741
3725,3445
3529,3634
3705,3763
3672,3542
3782,3758
3518,3578
3642,3860
3791,3960
3601,3604
3857,3473
3514,3707
3784,3584
3596,3830
3943,3830
3962,3495
3921,3735
3684,3830
3927,3469
3831,3703
3441,3662
3946,3823
3505,3753
1085,3550
3781,3690
3813,3911
3484,3831
3562,3898
3842,3633
3867,3498
3830,3795
3562,3481
3711,3826
3954,3861
3750,3877
3826,3951
3770,3602
3439,3799
3971,3501
3756,3944
3926,3604
3770,3671
3730,3790
3822,3969
3836,3519
3468,3532
3731,3790
3653,3918
3696,3960
3661,3948
3876,3778
3596,3686
3827,3778
3756,3517
3830,1085
3643,3458
3730,3804
3667,3683
3753,3921
3635,3938
3546,3490
3734,3618
862,3495
3492,3496
3937,3529
3651,3633
3961,3487
3531,3490
3890,3927
3847,3916
3684,3656
3779,3547
3734,3692
3519,3836
3739,3628
3654,3824
3684,3577
3702,3790
3473,3595
3884,3633
3948,3548
3834,3881
3600,3583
3947,3499
3826,3822
3598,3482
3595,3541
3515,3593
3680,3690
3802,3599
3553,3753
3804,3681
3877,3672
3825,3676
3503,3779
3902,3873
3750,3633
3455,3599
3938,3842
3737,3449
3956,3532
3738,3602
3930,3941
3764,3468
3502,3830
3667,3948
1085,3851
3561,1085
3692,3525
3799,3716
3722,3505
3450,3545
3462,3966
3625,3841
3948,3533
3488,3891
3541,3868
3831,3484
3614,3652
3479,3639
3694,3608
3647,3932
3586,3851
3500,3967
1085,3750
3473,3743
3792,3558
3452,3603
3493,3810
3842,3656
3703,3755
3918,3638
3604,3926
3698,3521
3838,3693
3623,3524
3829,3443
3830,3456
3886,3971
3712,3838
3872,3950
3804,3858
3713,3526
3501,3484
3604,3845
3945,3738
3448,3471
3698,3728
3843,3645
3831,3456
3737,3611
3766,3791
3514,3605
3507,3754
3728,3713
3693,3586
3680,3591
3747,3776
3698,3508
3738,3469
1085,3797
3592,1085
3693,3674
3528,3730
3889,3633
3767,3555
3448,3944
857,698
3472,3850
3835,3629
3468,3535
3966,3462
3971,3633
3564,3821
3947,3924
3840,3698
3790,3603
3568,3843
3635,3627
3725,3857
3542,3497
3496,3677
3774,3957
3655,3478
3684,3449
3782,3927
3770,3604
3633,862
3464,3945
3772,3968
3448,3828
3793,3671
3731,3559
3478,3696
3517,3512
3821,3564
3519,3975
3728,3907
3804,3930
3627,3730
3651,3545
3779,3750
3540,3674
3676,3489
3830,3824
3938,3448
3492,3930
3460,3466
3605,3926
3500,3587
3774,3975
3858,3790
3687,3838
3526,3865
3868,3628
3877,3873
3680,3794
3752,3554
3860,3884
3930,3677
3769,3455
3714,3924
3937,3906
3737,3734
3903,3896
3851,3527
3780,3929
3484,3817
3521,3936
3797,3684
3455,3553
3617,3758
3604,3448
3957,3918
3455,3588
3802,3553
3583,3600
3958,3680
3966,3611
3470,3455
3607,3644
3670,3731
3534,3614
3823,3956
3827,3722
3634,3460
3498,3921
3809,3933
3455,3802
3937,3460
3459,3758
3633,3514
3924,3758
3654,3938
3454,3880
3569,3909
3792,3924
3776,3615
3838,3542
3628,3595
3636,3735
3817,3971
3473,3538
3841,3480
3969,3718
3797,3625
3460,3915
3514,3528
3633,1085
3497,3518
3802,3921
3971,3830
3774,3465
3830,3562
3888,3677
3488,3514
3674,3596
3510,3752
3730,3913
3474,3956
3618,3521
3758,3535
3488,3966
3839,3626
3607,3933
3611,3640
3832,3730
3833,3973
3731,3450
3506,3643
3710,3442
3714,3803
3605,3640
3545,3756
3888,3979
3467,3533
3737,3938
3517,3677
3943,3948
3438,3971
3886,3692
3794,3793
3677,3800
3672,3550
3586,862
3944,3448
3690,3507
3605,3576
3869,3924
3858,3860
3633,3788
3567,3857
3617,3690
3475,3485
3674,3979
3975,3579
3523,3830
3664,3537
3782,3568
3740,3608
3521,3472
3737,3702
3529,3937
3956,3474
3721,3449
3677,3540
567,3961
3593,3718
3921,3521
3755,3971
3509,3855
3702,3605
3948,3661
3957,3757
3692,3712
3553,3802
3495,3824
3442,3636
3520,3667
3596,3938
3518,3830
3764,3931
3534,3761
3756,3658
3634,3529
3912,3538
3934,3462
3706,3509
3740,3705
3948,3586
3930,3586
3714,3593
3796,3449
3596,3756
3447,3682
3566,3511
3697,3797
3667,3480
3790,3681
3880,3454
3961,3566
3968,3456
3920,3783
3561,3964
3605,3518
3542,3488
3625,3520
3960,3500
3674,3938
3542,3930
3683,3944
3966,3852
3587,3641
3838,3559
3586,3501
3587,3500
3605,3860
3705,3463
3826,3680
3930,3860
3845,3672
3603,3672
3963,3679
3898,3649
3641,3587
3627,3488
3506,3869
3556,1085
3531,3549
3480,3684
3611,3731
3951,3833
3506,3493
3488,3527
3817,3684
3537,3664
3969,3493
3718,3896
3490,3894
3862,3588
3721,3877
3877,3756
3918,3571
3656,3667
3710,3907
3528,3707
3596,3633
3488,3902
3968,3873
3448,3845
3609,3938
3768,3810
3860,3514
3750,3495
3636,3705
3728,3867
3600,3825
3480,3674
3476,3708
3797,3449
3860,3930
3838,3672
3860,3488
3862,3728
3452,3611
3782,3793
3830,3918
3722,3636
3699,3616
3519,3837
3841,3950
3930,3528
3918,3647
3866,3881
3591,3506
3842,3683
3780,3566
3586,3734
3633,3797
3873,3943
3976,3584
3822,3680
3773,3599
3557,3800
3921,3608
3906,3714
3629,3835
3751,3923
3800,3605
3541,3657
3501,3586
3697,3756
3440,3851
3797,1085
3554,3680
3739,3819
3944,3756
3495,3884
3627,3596
3667,3684
3838,3545
3507,3554
3667,3633
3804,3605
3707,3731
3914,3768
3737,3512
3731,3730
3948,3884
3731,3578
3902,3559
3976,3900
3558,3648
3553,3644
3620,3900
3711,3951
3789,3653
3567,3725
3546,3963
3558,3866
3821,3947
3633,3687
3438,3522
3486,3969
3785,3658
3869,3506
3951,3822
3684,3484
3571,3774
3571,3759
3804,3730
3628,3541
3883,3562
3926,3938
3783,3791
3459,3945
3593,3569
3521,3590
3822,3591
3947,3786
3518,3528
3659,3779
3933,3901
3852,3542
3523,3919
3449,3692
3695,3883
3777,3758
3869,3510
3941,3930
3649,3523
3962,3692
3486,3705
3578,3860
3881,3810
3491,3693
3705,3921
3945,3915
3569,3833
3830,3970
3528,3687
3896,3822
3613,3898
3947,3784
3594,3581
3510,3945
3639,3523
3595,3743
3902,3938
3578,3830
3855,3506
3809,3508
3455,3850
3518,3804
3757,3899
3633,3674
3804,3830
3797,3851
3586,3800
3906,3509
3753,3850
3675,3836
3545,3889
3921,3615
3858,3640
3797,3672
3938,3930
3838,3712
3620,3764
3440,3495
3610,3927
3649,3481
3584,3539
3758,3825
3756,3929
3913,3824
3511,3671
3629,3615
3753,3526
3877,3943
3573,3611
3555,3507
3877,3731
3783,3655
3759,3612
3586,3930
3528,3681
3924,3486
3640,3734
3838,3491
3526,3590
3714,3486
3786,3593
3867,3455
3938,3609
3638,3848
3576,3596
3622,3927
1085,3692
3692,3756
3497,3527
3484,3471
3913,3730
3550,3684
3902,3611
3750,3938
3866,3558
3733,3861
3448,3577
3829,3843
3495,3586
3824,3456
3957,3675
3915,3914
3866,3690
3968,3563
3452,3545
3737,3514
3877,3533
3918,3854
3938,3884
3891,3845
3758,3786
3735,3636
3519,3579
3833,3758
3552,3830
3586,3788
3514,3611
3759,3708
3934,3902
3687,3730
3620,3584
3784,3793
3514,3828
3966,3672
3611,3817
3867,3715
3734,3851
3873,3651
3495,3501
3968,3677
3679,3905
3533,3633
3586,3633
3891,3966
3773,3455
3576,3462
3906,3782
3867,3710
3596,3824
3644,3472
3507,3927
3450,3730
3525,3841
3762,3687
3794,3591
3514,3633
3675,3774
3605,3790
3465,3675
3495,3440
3596,3841
3576,3830
3929,3842
3442,3713
3463,3558
3891,3611
3521,3840
3568,3915
3711,3593
3504,3677
3604,3542
3774,3571
3597,3442
3768,3593
3886,3540
3838,3845
3457,3938
3605,3800
3873,3824
3640,3832
3608,3599
3499,3671
3867,3615
3830,3911
3706,3900
3651,3756
3731,3824
3705,3706
3672,3488
3446,3624
3684,3540
3786,3623
3858,3731
3508,3644
3884,3938
3675,3759
3506,3555
3643,3833
3456,3756
3438,3586
3596,3603
3861,567
3527,3800
3830,3609
3629,3455
3551,3525
3782,3593
3509,3833
3930,3642
3559,3831
3604,3480
3874,3892
3684,3721
3659,3642
3964,3791
3747,3766
3908,3842
3929,3948
3926,3858
3550,3520
3736,3842
3609,3721
3830,3902
3961,3551
3867,3713
3525,3851
3878,3690
3594,3523
3870,3793
3760,3830
3512,3873
3695,3481
3907,3921
3528,3450
3927,3825
3780,3540
3499,3532
3642,3730
3718,3643
3924,3792
3488,3672
3629,3713
3873,3877
3455,3769
3501,862
3612,3895
3938,3741
3937,3483
3919,3562
3803,3509
3803,3561
3609,3830
3860,3828
3460,3786
3455,3835
3793,3833
3966,3971
3680,3564
3637,3756
3518,3596
3628,3871
3926,3672
3677,3547
3969,3826
3455,3722
3903,3648
3536,3922
3655,3587
3578,3514
3576,3670
3785,3858
3960,3933
3906,3869
3488,3545
3514,3545
3831,3736
3875,3887
3734,3693
3524,3645
3791,3809
3692,3677
3611,3762
3834,3617
3629,3553
3881,3601
3475,3838
3625,3495
3690,3494
3870,3896
3838,3642
3633,3693
3931,3568
3448,3642
3580,3585
3873,3484
3963,3806
3445,3628
3895,3643
3793,3794
3943,3851
3672,3872
3687,3456
3790,3851
3956,3668
3643,3648
3903,3718
3512,3505
3824,3734
3608,3907
3945,3510
3790,3596
3846,3746
3730,3578
3540,3968
3799,3513
3508,3809
3810,3719
3730,3542
3593,3855
3797,857
3706,3486
3684,3521
3764,3818
3765,3830
3830,3479
3553,3769
3545,3495
3907,3722
3750,3831
3509,3794
3558,3969
3517,3586
3969,3506
3538,3892
3684,3926
3479,3919
3528,3790
3700,3669
3558,3870
3487,3530
3800,3838
3529,3906
3636,3740
3547,3693
3945,3927
3947,3623
3791,3747
3540,3830
3845,3545
3629,3498
3604,3645
3564,3927
3488,3913
3529,3909
3825,3665
3927,3690
3824,3640
3823,3468
3721,3604
3449,3737
3707,3497
3669,3700
3874,3567
3858,3930
3634,3469
3962,3760
3442,3705
3584,3969
3843,3568
3584,3764
3858,3514
3617,3931
3845,3851
3947,3869
3812,3682
3611,3845
3956,3915
3638,3616
862,3456
3891,3576
3543,3940
3618,3692
3917,3912
3449,3545
3695,3649
3912,3874
3719,3558
3747,3933
3720,3789
3894,3546
3962,3456
3556,3611
3464,3895
3677,3545
3861,3849
3841,3596
3975,3465
3898,3523
3555,3767
3720,3923
3634,3956
3804,3633
3617,3777
3639,3481
3604,3721
3442,3663
3902,3604
3943,3449
3790,3926
3480,3545
3521,3685
3630,3474
3838,3800
3533,3438
3452,3966
3476,3579
3593,3758
3690,3955
3941,3893
3491,3611
3623,3568
3578,3596
3962,3521
3640,3838
3656,3750
3822,3506
3675,3757
3930,3492
3569,3486
3830,3691
3830,3594
3559,3462
3784,3833
3881,3534
3858,3557
3907,3815
3793,3976
3891,3838
3900,3680
3920,3960
3573,3672
3611,3938
3680,3958
3684,3750
3818,3623
3670,3790
3545,3471
3656,3577
3715,3498
3872,3779
3674,3501
3825,3564
3501,3968
3884,3456
3938,3687
3540,3448
3797,3971
3501,3684
3455,3753
3790,3611
3604,3635
3921,3599
3643,3855
3468,3826
3674,3734
3495,862
3711,3558
3818,3593
3584,3900
3740,3590
3862,3713
3643,3826
3640,3730
3687,3605
3758,3614
3763,3459
3504,3551
3616,3716
3711,3784
3918,3653
3734,3788
3860,3687
3734,3456
3917,3892
3468,3568
3456,3851
3480,3692
3465,3476
3971,3851
3640,3448
3521,3815
3496,3750
3828,3545
3667,3656
3516,3613
3895,3539
3506,3754
3472,3644
3476,3837
3576,3877
3915,3460
3502,3911
3514,3670
3587,3783
3605,3828
3859,3738
3869,3612
3772,3756
3845,3790
3459,3469
3636,3815
3873,3968
3753,3599
3445,3743
3692,3721
3891,3731
3693,3449
3967,3960
3671,3499
3464,3510
3515,3829
3931,3593
3557,3528
3821,3881
3880,3605
3637,3477
3488,3860
3618,3577
3836,3571
3741,3633
3438,3851
3845,3702
3797,3756
3762,3884
3633,3550
3562,3594
3496,3817
3674,3533
3851,3889
3690,3680
3838,3966
3722,3740
3884,3762
3594,3898
3932,3439
3926,3542
3743,3892
3760,3512
3963,3894
3447,3580
3842,3618
3791,3655
3756,3800
3618,3971
3587,3920
3753,3505
3604,3737
3830,3687
3577,3944
3913,3514
3734,3625
1085,3540
3615,3776
3548,3908
3680,3706
3534,3705
3844,3848
3553,3705
3902,3891
3684,3831
3632,3918
3948,3943
3756,3889
3955,3680
3892,3473
1085,3609
3548,3737
3511,3724
3634,3464
3557,3456
3604,3889
3449,3448
3830,3717
3933,3696
3824,3877
3898,3883
3584,3833
3952,3638
3858,3884
3747,3644
3830,3523
3511,3706
3674,3633
3864,3911
3466,3680
3773,3442
3773,3850
3860,3790
3969,3584
3605,3702
3737,3518
3956,3829
3697,3824
3719,3924
3851,3604
3822,3909
3948,3842
3477,3637
3690,3870
3442,3722
3962,3540
3971,3484
3825,3617
3644,3685
3684,3475
3785,3596
3873,3633
3793,3870
3670,3557
3529,3568
3714,3509
3684,3971
3826,3558
3834,3499
3693,3838
3626,3916
3458,3951
3920,3478
3719,3758
3884,3501
3545,3703
3731,3926
3747,3698
3915,3761
3835,3615
3719,3622
3969,3833
3687,3488
3612,3945
3938,3449
3822,3714
3542,3611
3938,3480
3518,3832
3877,3576
3611,3930
3960,3967
3948,3750
3921,3867
3584,3793
3499,3564
3841,3938
3826,3486
3869,3803
3677,3504
3714,3822
3921,3629
3592,3916
3525,3563
3873,3962
3633,3928
3793,3718
3625,3677
3968,3545
3545,3804
3768,3914
3648,3816
3602,3945
3705,3869
3686,3670
3926,3559
3759,3836
3602,3510
3557,3514
3618,3633
3628,3857
3705,3629
3532,3829
3714,3833
3969,3906
3596,3880
3909,3900
3684,3693
3902,3762
3852,3604
3564,3568
3593,3646
3969,3680
3930,3762
3710,3470
3726,3861
3804,3860
3706,3511
3734,3540
3506,3690
3534,3459
3499,3947
3950,3916
3557,3488
3474,3915
3479,3898
3868,3473
3737,3604
3486,3855
3600,3612
3613,3695
3460,3931
3870,3826
3743,3868
3794,3706
3690,3782
3604,3838
3584,3924
3972,3915
3824,3838
3684,3672
3501,3625
3800,3488
3656,3563
3903,3493
3670,3518
3563,3667
3545,3790
3685,3505
3728,3740
3831,3971
3596,3971
3677,3797
3446,3585
3534,3564
3643,3870
3870,3822
3477,3565
3506,3951
3584,3818
3881,3460
3566,3549
3712,3734
3681,3485
3454,3861
3891,3707
3826,3794
3677,3501
3881,3510
3770,3511
3791,3508
3611,3852
3800,3943
3873,3734
3596,3627
3514,3674
3800,3734
3838,3737
3448,3966
3734,3577
3511,3530
862,3586
3514,3488
3519,3675
3640,3514
3921,3835
3685,3482
3754,3617
3757,3476
3578,3545
3900,3529
3455,3470
3568,3834
3609,3948
3793,3803
3646,3951
3500,3508
3947,3584
3633,3884
3574,3605
3652,3614
3862,3921
3858,3651
3738,3829
3555,3584
3706,3648
3793,3529
3686,3596
3643,3506
3528,3832
3590,3740
1085,3872
3845,3604
3511,3719
3918,3830
3826,3958
3645,3866
3687,3737
3730,3627
3442,3590
3630,3443
3886,3667
3714,3829
3536,3812
3528,3938
3878,3468
3625,3938
3518,3938
3764,3821
3478,3967
3884,3559
3735,3629
3505,3496
3663,3740
3604,3512
3851,3830
3447,3894
3468,3524
3721,3830
3829,3555
3769,3636
3456,3448
3583,3539
3781,3946
3550,3625
3526,3475
3889,3943
3957,3701
3894,3806
3648,3620
3696,3478
3524,3786
3485,3475
3555,3829
3721,3796
3677,3656
3540,3962
3774,3757
3495,3880
3863,3546
3793,3483
3643,3794
3936,3521
3536,3679
3506,3593
3464,3761
3943,3877
3486,3906
3902,3845
3940,3902
3743,3725
3850,3521
3533,3929
3929,3651
3492,3684
862,3948
3544,3775
3501,3633
3743,3567
3472,3482
3749,3789
3918,3901
3929,3841
3741,1085
3471,3940
3930,3737
3734,3604
3693,3547
3475,3828
3605,3528
3671,3821
3728,3722
3894,3679
3521,3831
3945,3752
3641,3907
3604,3841
3956,3460
3474,3554
3554,3443
3609,3877
3607,3478
3794,3511
3738,3945
3695,3581
3486,3463
3628,3743
3684,3491
3519,3465
3876,3629
3870,3906
3740,3862
3809,3920
3521,3508
3757,3774
3640,3884
3495,3971
3702,3966
3538,3819
3687,3966
3563,3886
3633,3578
3969,3792
3930,3765
3483,3499
3884,3596
3577,3889
3835,3921
3568,3782
3737,3804
3520,3684
3869,3558
3962,3577
3599,3728
3736,3938
3674,3651
3670,3880
3805,3916
3824,3545
3692,3684
3826,3976
3649,3479
3542,3804
3604,3861
3505,3827
3740,3865
3877,3517
3869,3706
3924,3794
3612,3836
3497,3940
3442,3455
3794,3924
3640,3762
3905,3679
3593,3568
3499,3535
3652,3825
3775,3895
3590,3722
3633,3692
3640,3790
3841,3604
3644,3747
3604,3948
3617,3604
3877,3886
3687,3830
3531,3771
3784,3896
3906,3593
3579,3975
3845,3448
3617,3927
3967,3920
3927,3617
3774,3899
3474,3823
3756,3830
3465,3957
3485,3838
3918,3879
3705,3608
3646,3810
3514,3518
3672,3462
3920,3776
3809,3478
3528,3527
3830,3831
3902,3684
3614,3758
3736,3948
3494,3583
3954,3742
3599,3835
3918,3664
3890,3826
3618,3873
3639,3883
3718,3947
3510,3634
3539,3724
3611,3858
3440,3805
3488,3452
3514,3604
3848,3799
3455,3921
3867,3907
3869,3947
3553,3698
3585,3490
3968,3736
3484,3521
3979,3674
3609,3633
3628,3868
3685,3521
3497,3672
3465,3701
3715,3907
3760,3540
3534,3793
3617,3584
3627,3790
3562,3516
3488,3559
3810,3758
3680,3878
3707,3930
3948,3683
3900,3718
3674,3525
3528,3485
1085,862
3545,3737
3898,3502
3734,3756
3939,3546
3576,3559
3845,3838
3741,3609
3818,3601
3862,3740
3545,3501
3971,3797
3511,3507
3664,3960
3491,3971
3610,3660
3596,3693
3684,3448
3527,3966
3894,3447
3906,3909
3653,3789
3810,3924
3625,3797
3648,3506
3438,3448
3473,3819
3553,3663
3944,3683
3895,3690
3723,3961
3859,3543
3518,3858
3468,3810
3734,3501
3651,3929
3616,3844
3532,3468
3488,3640
3621,3797
3553,3629
3505,3521
1085,3525
3633,3611
3749,3918
3611,3891
3671,3511
3501,3877
3569,3509
3715,3455
3926,3830
3750,3684
3785,3800
3973,3833
3618,3734
3760,3734
3730,3640
3822,3896
3548,3547
3830,3680
3906,3524
3534,3617
3760,3438
3446,3546
3926,3902
3524,3602
3785,3640
3826,3643
3656,3684
3790,3683
3972,3761
3957,3837
3526,3769
3495,3962
3731,3605
3870,3680
3759,3837
3598,3936
3902,3527
3873,3736
3722,3526
3871,3628
3512,3929
3732,3610
3640,3545
3529,3752
3634,3510
3662,3446
3715,3710
3586,3971
3893,3612
3895,3617
3458,3810
3464,3601
3862,3590
3561,3469
3648,3631
3487,3961
3633,3938
3495,3609
3684,3828
3884,3971
3468,3782
3753,3773
3545,3828
3723,567
3780,3842
3777,3468
3794,3486
3543,3475
3635,3930
3830,3576
3792,3969
3581,3481
3482,3685
3698,3505
3596,3605
3456,3831
3736,3873
3835,3753
3780,3525
3783,3587
3636,3666
3528,3605
3440,3734
3727,3745
3763,3648
3596,3788
3521,3470
3734,3611
3786,3906
3529,3460
3684,3966
3799,3848
3488,3576
3714,3705
3775,3496
3553,3563
3576,3938
3918,3720
3952,3799
3778,3722
3488,3627
3764,3793
3596,3542
3584,3631
3481,3695
3508,3442
3760,3948
3658,3756
3691,3560
3938,3495
3804,3450
3931,3793
3835,3862
3463,3555
3779,3610
3702,3832
3793,3763
3753,3636
3924,3909
3469,3956
3909,3906
3692,3962
3460,3469
3546,3811
567,3487
3721,3938
3804,3518
3440,3600
3520,3625
3734,3633
3756,3565
3629,3590
3679,3546
3530,3511
3475,3484
3767,3927
3503,3672
3472,3526
3509,3869
3638,3952
3696,3747
3483,3617
3456,3842
3604,3790
3492,3841
3672,3852
3535,3524
3725,3743
3623,3645
3873,3475
3465,3757
3671,3793
3482,3508
3707,3756
3672,3702
3964,3967
3770,3459
3707,3785
3793,3623
3621,3684
3611,3785
3460,3601
3623,3601
3594,3479
3521,3753
3578,3828
3557,3518
3705,3521
3621,3902
3852,3886
3577,3448
3976,3822
3962,3545
3868,3743
3514,3884
3964,3920
3872,3575
3599,3629
3658,3596
3786,3793
3577,3674
3702,3948
3862,3629
3947,3463
3469,3829
3510,3761
3593,3714
3838,3485
3684,3902
3534,3770
3648,3903
3603,3640
3712,3491
3555,3463
3554,3761
3633,3667
3557,3611
3750,3496
3540,3556
3938,3902
3460,3464
3824,3452
3665,3825
3722,3827
3968,3721
3902,3596
3615,3740
3525,3889
3479,3481
3788,3633
3830,3736
3803,3622
3636,3753
3568,3810
3505,3553
3849,3444
3957,3759
3759,3579
3536,3549
3756,3633
3810,3612
3657,3819
3674,3586
3951,3719
3756,3586
3901,3791
3713,3521
3956,3964
3957,3465
3449,3577
3800,3514
3547,3454
3439,3647
1085,3440
3976,3896
3778,3769
3501,3692
3836,3964
3495,3697
3804,3627
3810,3833
3526,3521
3674,3610
3927,3564
3852,3873
3707,3913
3561,3554
3761,3602
3903,3458
3753,3722
3740,3728
3596,3797
3672,3851
3830,3883
3521,3713
3861,3604
3456,3461
3521,3625
3903,3878
3790,3528
3576,3497
3758,3623
3623,3818
3800,3687
3617,3568
3914,3568
3950,3979
3683,3651
3730,3687
3838,3462
3632,3508
3891,3902
3728,3710
3521,3773
3968,3656
3479,3516
1085,3830
3674,3948
3871,3743
3635,3790
3734,3545
3872,3888
3906,3558
3907,3599
3610,3950
3948,3851
3672,3966
3657,3541
3821,3499
3640,3603
3442,3644
3611,3574
3584,3976
3937,3612
3877,3488
3716,3638
3948,3651
3649,3898
3510,3869
3915,3469
3590,3521
3945,3786
3601,3645
3501,3609
3762,3611
3945,3466
3596,3448
3734,3525
3576,3966
3933,3508
3956,3469
3568,3529
3962,3873
3475,3702
3576,3930
3527,3545
3702,3573
3601,3524
3496,3521
3514,3578
3559,3526
3690,3758
3802,3722
3502,3669
3858,3697
3448,3545
3714,3900
3869,3583
3554,3507
3514,3832
3580,3447
3644,3442
3927,3764
3533,3948
3545,3838
3577,3828
3587,3478
3738,3782
3640,3670
3642,3930
3596,3528
3542,3518
3703,3842
3836,3774
3554,3829
3471,3448
3501,3533
3803,3532
3611,3577
3873,3449
3750,1085
3758,3782
3902,3667
3452,3462
3721,3858
3583,3464
3833,3593
3564,3532
3586,3765
3556,3625
3924,3810
3800,3730
3730,3824
3722,3921
3722,3599
3501,3677
3826,3591
3718,3620
3542,3559
3557,3545
3900,3924
3833,3784
3655,3933
3602,3738
3458,3506
3800,3702
3763,3782
3843,3680
3545,3605
3506,3646
3448,3491
3860,3576
3611,3557
3837,3612
3573,3521
3905,3549
3515,3706
3690,3584
1085,3741
3696,3655
3824,3596
3702,3838
3503,3930
3911,3830
3826,3468
3756,3938
3526,3559
3592,862
3646,3648
3496,3831
3731,3902
3545,3755
3495,3621
3488,3596
3948,3886
3800,3527
3971,3520
3471,3966
3829,3469
3948,3633
3800,3449
3734,3448
3684,3797
3678,3539
3841,3651
3850,3840
3740,3663
3780,3660
3804,3790
3534,3906
3756,3501
3945,3634
3921,3815
3624,3662
3471,3930
3770,3524
3677,3847
3533,3877
3687,3670
3545,3971
3643,3976
3541,3743
3726,3738
3702,3528
3449,3596
3679,3536
3622,3690
3938,3488
3796,3851
3508,3521
3867,3705
3680,3468
3616,3848
3906,3568
3758,3583
3960,3641
3698,3472
3478,3655
3962,3800
3528,3627
3495,3796
3738,3511
3629,3977
3545,3576
3886,3577
3521,3556
3924,3463
3793,3826
3626,3839
3903,3584
3842,3948
3894,3580
3627,3635
3667,3520
3931,3869
3705,3826
3468,3927
3799,3952
3448,3633
3730,3596
3601,3881
3737,3596
3788,3674
3910,3774
3758,3777
3609,3779
3626,857
3824,3633
3835,3442
3951,3558
3749,3923
3590,3907
3808,3544
3902,3703
3539,3584
3910,3701
3707,3828
3527,3611
3593,3768
3851,3525
3486,3569
3944,3962
3487,3504
3666,3629
3891,3592
3505,3698
3532,3777
3715,3442
3962,3563
3701,3836
3448,3943
3850,3644
3554,3634
3752,3443
3605,3670
3862,3526
3617,3564
3534,3499
3945,3612
3476,3975
3852,3573
3512,3517
3668,3956
3877,3574
3648,3719
3829,3758
3828,3577
3943,3577
3888,3674
3474,3764
3870,3486
3670,3938
3645,3443
3478,3964
3880,3619
3804,3824
3569,3714
3821,3834
3578,3640
3439,3616
3794,3822
3793,3896
3635,3730
3667,3625
3804,3488
3496,3684
3476,3759
3911,3502
3509,3569
3522,3979
3463,3826
3896,3718
3549,3446
3579,3759
3456,3677
3680,3843
3684,3702
3772,3779
3767,3764
3488,3573
3506,3631
3909,3822
3603,3756
3634,3829
3779,3448
3907,3715
3609,3968
3737,3838
3734,3586
3664,3500
3824,3913
3596,3495
3818,3758
3519,3757
3554,3466
3617,3724
3960,3655
3630,3634
3505,3936
3915,3764
3938,3438
3756,3851
3449,3877
3527,3672
3873,3830
3906,3900
3529,3738
3968,3625
3667,3736
3497,3596
3463,3569
3830,3886
3604,3586
3662,3490
3830,3755
3624,3446
3528,3604
3545,3559
3454,3779
3703,3926
862,1085
3495,3651
3662,3863
3663,3735
3707,3514
3553,3482
3850,3599
3677,3480
3600,3440
3762,3824
3469,3466
3860,3604
3554,3561
3514,3635
3559,3926
3675,3465
3669,3864
3792,3620
3478,3500
3617,3803
3495,3978
3924,3822
3836,3910
3815,3455
3501,3525
3788,3596
3529,3793
3818,3896
3625,3968
3542,3790
3757,3701
3886,3656
3705,3722
3584,3951
3584,3784
3487,567
3790,3832
3667,3873
3851,3873
3594,3883
3454,3586
3677,1085
3927,3890
3446,3814
3926,3852
3929,3877
3498,3455
3503,3800
3758,3529
3470,3599
3838,3450
3501,3962
3706,3680
3568,3524
3542,3800
3631,3584
3877,3471
3634,3752
3931,3906
3707,3737
3517,3633
3448,3756
3500,3478
3860,3605
3476,3701
3930,3488
3644,3840
3567,3874
3687,3495
3967,3655
3972,3634
3545,3926
3870,3558
3545,3449
3475,3672
3672,3940
3900,3511
3800,3577
3912,3628
3888,3544
3549,3682
3784,3947
3584,3870
3869,3900
3756,3605
3930,3779
3815,3629
3545,3456
3511,3909
3613,3581
3586,3684
3642,3448
3867,3636
3576,3891
1085,3556
3559,3731
3966,3845
3868,3725
3722,3498
3447,3679
3855,3593
3625,3672
3702,3518
3947,3833
3679,3806
3611,3488
1085,3886
3741,3851
3642,3828
3607,3698
3498,3521
3599,3753
3791,3776
3531,3546
3628,3917
3785,3756
3777,3532
3677,3851
3478,3809
3455,3505
3830,3957
3697,3677
3737,3930
3590,3815
3601,3464
3968,3484
3781,3823
3488,3605
3670,3858
3956,3634
3905,3806
3455,3710
3852,3877
3756,3684
3943,3456
3737,3525
3924,3509
3535,3821
3786,3506
3727,3606
3599,3553
3900,3493
3881,3711
3449,3438
3466,3652
3737,3578
3919,3649
3907,3713
3898,3594
3446,3490
3591,3463
3978,3625
3658,3642
3480,3938
3501,3830
3528,3804
3774,3476
3500,3964
3590,3862
3904,3511
3488,3557
3945,3758
3674,3540
3833,3569
3633,3889
567,3861
3857,3595
3448,3527
3822,3855
3460,3529
3523,3581
3869,3509
3599,3713
3902,3452
3589,3592
3508,3840
3493,3719
3966,3448
3640,3860
3824,3873
3886,3797
3906,3463
3973,3568
3945,3937
3456,857
3829,3558
3821,3617
3960,3587
3512,3737
3852,3971
3695,3639
3735,3740
3692,3609
3818,3768
3734,3873
3786,3601
3687,3633
3442,3698
3876,3470
3952,3513
3711,3506
3800,3635
3578,3858
3785,3503
3960,3776
3692,3851
3824,3804
3741,3948
3971,3556
3473,3725
3734,3968
3827,3588
3692,3797
3907,3608
3918,3836
3547,3548
3713,3802
3858,3518
3672,3471
3505,3455
3635,3686
3528,3800
3929,3734
3456,3938
3677,3448
3572,3822
3884,3756
3770,3534
3472,3698
3753,3629
3677,3674
3822,3906
3718,3810
3596,3948
3883,3479
3710,3835
3508,3482
3860,3721
3583,3931
3513,3616
3753,3867
3851,3684
3971,3831
3636,3455
3830,3697
3656,3677
3557,3702
3738,3956
3666,3636
3482,3505
3947,3821
3861,3600
3472,3521
3838,3828
3590,3715
3464,3634
3549,3546
3764,3584
3930,3527
3724,3483
3505,3508
3690,3564
3870,3718
3621,3495
3513,3439
3726,3469
3651,3477
3586,3712
3966,3824
3821,3466
3584,3782
3837,3757
3486,3909
3687,3938
3586,3577
3719,3564
3741,3577
3789,3751
3604,3561
3906,3486
3705,3636
3672,3605
3814,3624
3921,3442
3680,3822
3636,3629
3869,3794
3866,3535
3636,3710
3635,3832
3448,3540
3651,3948
3557,3687
3501,3545
3838,3471
3591,3680
3956,3726
3870,3903
3672,3527
3722,3496
3790,3485
3753,3455
3523,3649
3486,3803
3889,3545
3957,3571
3900,3591
3511,3904
3845,3891
3620,3969
3696,3783
3906,3866
3758,3499
3527,3497
3601,3593
3726,3464
3833,3951
3649,3830
3870,3620
3558,3909
3450,3604
3705,3494
3740,3867
3938,3576
3757,3759
3484,3873
3545,3731
3524,3568
3670,3686
3835,3455
3758,3468
3788,3734
3756,3692
3735,3921
3775,3847
3642,3658
3599,3815
3506,3895
3886,3873
3439,3932
3505,3747
3948,3448
3684,3480
3753,3735
3740,3715
3440,3703
3635,3604
3753,3710
3764,3593
3728,3599
3458,3584
3782,3524
3604,3674
3826,3509
3964,3766
3731,3884
3591,3924
3731,3736
3896,3509
3443,3554
3568,3906
3569,3680
3734,3824
3631,3506
3756,3683
3863,3679
3593,3680
3485,3559
3794,3906
3918,3708
3596,3578
3462,3596
3622,3532
3968,3440
3852,3902
3909,3486
3604,3611
3646,3711
3506,3568
3913,3488
3684,3550
3956,3738
3559,3934
3577,3797
3599,3615
3768,3906
3651,3858
3475,3543
3525,3968
3956,3468
3586,3841
3538,3739
3722,3850
3602,3630
3629,3636
3761,3554
3514,3938
3971,3852
3943,3889
3452,3658
3449,3517
3948,3971
3899,3957
3528,3559
3585,3580
3721,3596
3877,3449
3469,3972
3802,3713
3612,3893
3858,3938
3463,3793
3521,3597
3842,3873
3460,3630
3646,3763
3593,3591
3690,3866
3860,3838
3830,3514
3827,3553
3618,3750
3791,3696
3528,3518
3932,3616
3449,3873
3609,3577
3593,3634
3541,3595
3624,3679
3900,3822
3543,3497
3655,3920
3851,3577
3459,3770
3577,3877
3797,3677
3740,3921
3606,3662
3797,3586
3527,3604
3907,3960
3482,3901
3830,3517
3610,3532
3915,3752
3438,3517
3710,3735
3625,3556
3573,3930
3543,3471
3735,3867
3524,3782
3793,3822
3604,3966
3442,3740
3924,3706
3940,3966
3750,3609
3539,3583
3948,3456
3958,3671
3540,3563
3790,3670
3734,3596
3488,3804
3758,3969
3494,3705
3840,3629
3574,3611
3518,3860
3528,3557
3866,3793
3939,3679
3892,3657
3568,3534
3842,3886
3596,3750
3508,3722
3900,3460
3864,3813
3794,3572
3877,3559
3860,3557
3766,3587
3867,3740
3677,3788
3573,3891
3466,3602
3684,3842
3606,3536
3518,3635
3507,3506
3534,3593
862,3517
3860,3495
3850,3835
3957,3975
3586,3797
3780,3577
3645,3782
3605,3611
3604,3730
3915,3529
3948,3635
3454,3775
3511,3515
3496,3505
3438,3677
3793,3486
3628,3547
3966,3830
3510,3466
3604,3938
3714,3869
3912,3541
3975,3918
3593,3463
3978,3914
3926,3703
3563,3948
3906,3822
3716,3799
3703,3831
3495,3872
3576,3543
3900,3486
3913,3830
3541,3628
3471,3971
3750,3950
3616,3932
3505,3773
3925,3551
3933,3587
3706,3906
3828,3596
3464,3583
3877,3750
3504,3839
3832,3790
3702,3527
3951,3826
3809,3747
3829,3534
3852,3741
3740,3722
857,3797
3852,3471
3517,3760
3939,3963
3877,3948
3851,3841
3867,3728
3493,3558
3812,3459
3596,3913
3762,3804
3750,3851
3696,3791
3634,3630
3949,3682
3651,3586
3906,3620
3576,3702
3465,3519
3752,3529
3507,3555
3631,3593
3734,3737
3898,3516
3471,3540
3938,3858
3456,3693
3971,3586
3672,3707
3802,3773
3790,3450
3456,3804
3587,3933
3788,3604
3835,3867
3521,3698
3722,3710
3825,3499
3979,3950
3670,3576
3756,3841
3847,3477
3562,3649
3624,3949
3501,3577
3971,3438
3758,3951
3924,3793
3633,3824
3716,3439
3590,3615
3488,3687
3655,3641
3756,3448
3927,3754
3512,3760
3842,3851
3478,3607
3674,3545
3835,3715
3495,3948
3603,3452
3977,3740
3838,3790
3728,3455
3459,3645
3577,3545
3634,3738
3571,3675
3557,3574
3569,3951
3605,3730
3480,3677
3577,3929
3463,3951
3919,3516
3977,3629
3966,3497
3674,3677
3769,3629
3462,3877
3841,3788
3769,3710
3456,3830
3500,3747
3627,3557
3628,3473
3664,3918
3802,3907
3605,3450
3722,3455
3967,3641
3768,3758
3518,3488
3714,3794
3851,3596
3858,3596
3675,3899
3480,3625
3830,3683
3462,3838
3485,3966
3850,3526
3492,3697
3742,3861
3838,3604
3920,3809
3609,3456
3525,1085
3608,3705
3629,3505
3449,3604
3929,3795
3852,3497
3962,3449
3909,3794
3705,3822
3829,3593
3466,3972
3545,3528
3758,3829
3576,3440
3580,3905
3684,3817
3622,3821
3938,3750
3469,3927
3558,3568
3692,3693
3705,3572
3966,3542
3438,3545
3833,3680
3497,3604
3456,3449
3668,3469
3599,3867
3476,3465
3623,3535
3525,3780
3586,3796
3722,3521
3495,3877
3933,3964
3793,3534
3633,3625
3692,3656
3646,3558
3645,3568
3852,3611
3584,3763
3542,3528
3521,3498
3671,3770
3906,3584
3480,3971
3738,3859
3838,3702
3506,3458
3561,3604
3609,3692
3481,3479
3635,3830
3926,3891
3762,3731
3900,3869
3794,3826
3533,3517
3947,3558
3713,3590
3837,3465
3794,3855
3518,3790
3675,3571
3907,3867
3591,3793
3780,3966
3809,3476
3800,3611
3833,3900
3692,3540
3969,3558
3460,3726
3701,3571
3828,3640
3617,3823
3860,3731
3559,3681
3487,3723
3881,3834
3465,3571
3540,3760
3449,3633
3616,3647
3485,3528
3838,3573
3450,3913
3782,3810
3927,3535
3842,3521
3830,3516
3793,3973
3573,3576
3938,3889
3617,3483
3558,3947
3903,3924
3532,3931
3815,3521
3873,3512
3530,3673
3501,1085
3466,3554
3938,3968
3559,3902
3731,3966
3966,3527
3637,3659
3866,3601
3661,3548
3738,3972
3979,3872
3654,3633
3518,3542
3950,3525
3636,3498
3965,3571
3761,3466
3728,3698
3719,3643
3640,3627
3752,3915
3593,3515
3509,3947
3526,3553
3972,3529
3747,3964
3806,3905
3584,3973
3617,3738
3596,3681
3703,3830
3713,3705
3838,3852
3906,3924
3623,3793
3721,3860
3912,3567
3651,3525
3499,3793
3962,3938
3948,3741
3756,3604
3456,3750
3448,3797
3825,3601
3906,3870
3633,3841
3834,3568
3663,3455
3599,3862
3573,3838
3511,3770
3640,3528
3541,3725
3851,3734
3450,3860
3596,3456
3639,3562
3593,3493
3902,3471
3758,3818
3498,3862
3505,3472
3604,3488
3898,3695
3841,3674
3896,3826
3756,3480
3948,3604
3907,3835
3713,3722
3680,3645
3848,3844
3609,3943
3629,3862
3506,3591
3461,3934
3488,3658
3907,3710
3855,3758
3578,3683
3687,3800
3470,3773
3731,3702
3514,3730
3596,3702
3596,3642
3773,3526
3797,3692
3802,3720
3593,3829
3825,3535
3674,3625
3471,3543
3756,3734
3972,3752
3604,3858
3546,3662
3519,3701
3765,3586
3886,3842
3878,3617
3614,3568
3612,3941
3659,3888
3838,3503
3651,3495
3670,3596
3505,3722
3519,3774
3940,3484
3579,3519
3553,3827
3918,3757
3529,3761
3586,3677
3926,3514
3558,3782
3545,3488
3599,3710
3804,3578
3858,3785
3977,3769
3470,3778
3599,3735
3841,3525
3501,3884
3735,3713
3845,3491
3792,3822
3868,3857
3900,3906
3956,3771
3948,3702
3793,3584
3507,3823
3483,3724
3580,3894
3924,3493
3902,3966
3568,3973
3753,3802
3467,3830
3542,3527
3604,3962
3737,3884
3789,3923
3480,3693
3684,3520
3640,3635
3906,3810
3869,3680
3515,3460
3790,3702
3549,3566
3473,3868
3790,3604
3599,3455
3800,3557
3680,3830
3944,3577
3721,862
3780,3851
3896,3818
3438,3938
3501,3756
3586,3495
3835,3553
3587,3747
3585,3863
3833,3714
3522,3872
3971,3703
3741,3877
3969,3458
3646,3924
3677,3828
1085,3962
3571,3965
3756,3693
3633,3750
3625,3501
3674,3693
3599,3740
3448,3485
3555,3758
3734,3438
3730,3605
3530,3925
3635,3557
3824,3860
3916,3950
3755,3830
3706,3714
3659,3637
3968,3618
3938,3677
3532,3564
3971,3440
3735,3663
3802,3636
3972,3466
3881,3558
3721,3689
3761,3534
3832,3528
3793,3906
3624,3806
3684,3596
3756,3884
3672,3573
3572,3706
3687,3604
3663,3921
3760,3517
3463,3680
3456,3633
3545,3860
3858,3488
3835,3713
3744,3717
3962,3525
3926,3824
3545,3654
3456,3687
3877,3577
3463,3906
3970,3880
3835,3710
3837,3571
3613,3594
3714,3951
3948,3734
3821,3825
3979,3888
3698,3607
3868,3541
3566,3515
3627,3707
3763,3705
3636,3713
3825,3534
3889,3448
3469,3459
3823,3474
3593,3458
3442,3835
3554,3752
3593,3869
3794,3714
3587,3809
3830,3750
3535,3782
3448,3693
3786,3558
3498,3629
3911,3669
3528,3737
3757,3571
3830,3864
3584,3524
3576,3611
3713,3599
3810,3855
3842,3438
3838,3884
3668,3738
3591,3855
3526,3698
3710,3608
3508,3776
3750,3540
3830,3919
3828,3557
3684,3492
3584,3810
3912,3917
3971,3475
3851,1085
3945,3529
3964,3655
3912,3725
3530,3504
3799,3918
3824,3605
3488,3707
3883,3516
3545,3527
3840,3508
3685,3455
3520,3526
3803,3890
3737,3548
3839,3504
3716,3647
3907,3753
3524,3906
3791,3967
3573,3550
3461,3831
3907,3728
3836,3759
3525,3551
3829,3972
3561,3945
3615,3636
3756,3590
3754,3507
3677,3496
3442,3941
3526,3753
3790,3627
3450,3838
3926,3730
3442,3791
3931,3909
3471,3475
3625,3573
3900,3468
3880,3670
3590,3608
3738,3558
3948,3721
3676,3665
3823,3946
3625,3633
3692,3577
3752,3469
3784,3906
3497,3611
3813,3700
3608,3722
3478,3920
3555,3506
3667,3852
3920,3500
3449,3788
3767,3829
3823,3781
3734,3929
3829,3466
3486,3711
3921,3713
3726,3956
3871,3917
3584,3506
3721,3625
3918,3848
3468,3900
3640,3938
3506,3711
3567,3743
3670,3687
3871,3538
3715,3867
3926,3943
3613,3479
3720,3653
3611,3790
3490,3905
3722,3545
3845,3611
3462,3452
3448,3779
3738,3474
3924,3705
3506,3714
3557,3604
3633,3830
3707,3672
3830,3596
3891,3574
3439,3716
3833,3706
3681,3545
3931,3532
3877,3633
3440,3938
3727,3536
3830,3604
3810,3506
3471,3545
3721,3525
3761,3758
3568,3468
3877,3721
3840,3850
3950,3841
3793,3784
3528,3824
3684,3851
3759,3705
3680,3464
3877,3734
3906,3937
3828,3966
3758,3690
3497,3824
3836,3918
3565,3637
3647,3439
3576,3756
3837,3836
3545,3966
3776,3508
3495,3873
3851,3790
3441,3536
3905,3624
3553,3505
3527,3926
3509,3803
3658,3731
3968,3501
3836,3701
3584,3555
3544,3674
3752,3634
3848,3638
3577,3517
3830,3734
3796,3495
3649,3581
3593,3931
3830,3721
3927,3561
3545,3681
3648,3458
3520,3470
3810,3493
3776,3664
3718,3468
3464,3617
3466,3956
3601,3866
3599,3715
3442,3977
3488,3462
3545,3497
3943,3800
3943,3596
3443,3469
3604,3462
3590,3442
3826,3900
3506,3896
3598,3521
3446,3531
3722,3835
3459,3529
3898,3613
3915,3474
3770,3719
3455,3526
3586,3889
3741,3721
3478,3791
3680,3895
857,3456
3906,3784
3612,3825
3842,3938
3666,3521
3762,3640
3858,3578
3826,3924
3794,3951
3830,3873
3517,3449
3438,3533
3790,3576
3581,3883
3962,3944
3862,3599
3604,3518
3779,3938
3740,3835
3496,3551
3529,3956
3830,3841
3900,3826
3962,3734
3945,3829
3740,3710
3830,3540
3968,3948
3830,3703
3726,3529
3968,3877
3677,3517
3845,3804
3649,3883
3538,3725
3756,3525
3468,3866
3788,3545
3475,3971
3912,3892
3640,3642
3501,3971
3797,3609
3764,3825
3968,3886
3962,3886
3605,3604
3830,3800
3625,3552
3804,3497
3826,3870
3506,3648
3611,3471
3692,3596
3933,3500
3525,3734
3830,3700
3782,3645
3783,3696
3756,3962
3884,3651
3719,3927
3585,3949
3563,3526
3837,3918
3456,3618
3773,3521
3553,3472
3510,3602
3577,3800
3838,3934
3703,3457
3662,3905
3830,3617
3714,3572
3873,3938
3713,3455
3480,3734
3548,3495
3968,3938
3828,3475
3869,3463
3516,3523
3652,3489
3526,3472
3830,3760
3584,3792
3564,3499
3718,3509
3756,3495
3554,3956
3456,3734
3773,3753
3440,1085
3800,3586
3680,3909
3971,3884
3576,3731
3635,3800
3511,3896
3810,3763
3574,3576
3842,3684
3501,3517
3605,3785
3851,3677
3518,3611
3938,3635
3719,3810
3658,3891
3502,3864
3938,3824
3486,3826
3851,3586
3569,3822
3546,3580
3909,3833
3568,3931
3449,3677
3948,3495
3896,3833
3526,3599
3693,3438
3881,3469
3793,3617
3872,862
3460,3443
3851,3625
3553,3685
3790,3845
3584,3906
3647,3616
3680,3826
3953,3847
3933,3776
3511,3821
3549,3863
3500,3696
3518,3824
3800,3824
3852,3966
3855,3515
3531,3446
3792,3631
3747,3960
3938,3800
3449,3756
3657,3739
3838,3611
3902,3518
3793,3810
3962,3684
3673,3612
3684,3692
3590,3636
3677,3604
3842,3703
3590,3455
3574,3731
3672,3625
3904,3584
3559,3461
3604,3469
3601,3825
3475,3586
3776,3967
3782,3836
3971,3618
3722,3728
3674,3456
3933,3821
3758,3617
3920,3655
3909,3945
3773,3470
3448,3586
3501,3873
3514,3858
3810,3786
3448,3838
3635,3605
3718,3906
3896,3511
3857,3743
3790,3605
3568,3623
3759,3476
3462,3559
3731,3707
3525,3550
3826,3506
3692,3877
3782,3601
3728,3921
3578,3730
3504,3530
3590,3710
3485,3514
3571,3837
3576,3488
3912,3595
3577,3609
3927,3468
3682,3814
3617,3622
3728,3636
3738,3617
3573,3559
3837,3675
3554,3794
3503,3785
3526,3831
3971,3697
3825,3893
3681,3596
3968,3750
3617,3555
3634,3761
3596,3804
3536,3727
3869,3822
3858,3926
3782,3768
3542,3514
3838,3488
3933,3809
3738,3443
3713,3740
3793,3764
3824,3902
3529,3602
3564,3459
3850,3598
3627,3804
3818,3568
3471,3684
3830,3684
3937,3634
3829,3726
3862,3663
3475,3852
3501,3796
3497,3450
3668,3945
3734,3656
3738,3634
3864,3700
3702,3800
3976,3906
3651,3677
3567,3657
3480,3799
3559,3627
3934,3461
3768,3584
3975,3957
3687,3790
3878,3680
3483,3690
3914,3967
3782,3535
3449,3480
3567,3917
3899,3836
3830,3948
3527,3804
3478,3747
3960,3907
3830,3695
3838,3497
3685,3442
3777,3555
3971,3966
3940,3838
3869,3705
3956,3823
3503,3804
3471,3611
3782,3584
3491,3842
3442,3629
3785,3527
3460,3752
3750,3968
3828,3604
3640,3605
3780,3440
3937,3466
3936,3442
3756,3656
3843,3825
3710,3862
3506,3486
3543,3859
3969,3486
862,3633
3713,3728
3886,3830
3702,3635
3557,3527
3471,3873
3687,3860
3945,3768
3630,3829
3884,3926
3611,3448
3926,3635
3563,3873
3932,3638
3945,3726
3971,3817
3790,3902
3463,3861
3926,3640
3657,3595
3739,3743
3951,3506
3501,3734
3552,3550
3960,3783
3697,3938
3683,3578
3819,3445
3804,3913
3739,3538
3687,3596
3521,3850
3604,3658
3489,3652
3534,3568
3567,3868
3867,3694
3462,3824
3725,3871
3672,3514
3527,3785
3799,3647
3926,3684
3705,3519
3835,3590
3797,3550
3693,3734
3968,3577
3730,3545
3954,3733
3751,3787
3861,3444
3510,3469
3517,3533
3506,3558
3568,3484
3438,3734
3628,3725
3752,3764
3606,3727
3947,3718
3949,3546
3817,3831
3915,3443
3617,3834
3640,3576
3713,3608
3690,3781
3535,3584
3615,3608
3714,3793
3774,3836
3900,3794
3485,3471
3449,3721
3937,3738
3822,3786
3684,3780
3861,3742
3455,3713
3718,3822
3499,3534
3461,3495
3951,3810
3571,3757
3930,3450
3629,3496
3604,3450
3509,3593
3586,3596
3533,3501
3951,3758
3561,3803
3841,3625
3872,3979
3938,3860
3797,3948
3464,3956
3966,3475
3837,3519
3459,3812
3449,3651
3926,3527
3858,3670
3672,3604
3545,3452
3698,3553
3758,3648
3816,3694
3643,3558
3455,3663
3629,3710
3902,3804
3870,3951
3532,3499
3526,3505
3951,3947
3621,3721
3930,3804
3971,3938
3495,3456
3796,3797
3889,3596
3793,3568
3696,3933
3739,3567
3860,3640
3766,3933
3780,3877
3656,3734
3514,3800
3872,3797
3924,3593
698,862
3629,3666
3833,3810
3634,3602
3443,3634
1085,3577
3731,3804
3821,3931
3779,862
3634,3593
3804,3938
3900,3976
3832,3640
3782,3931
3442,3526
3599,3590
3815,3590
3564,3803
3495,3548
3762,3574
3441,3538
3697,3884
3529,3466
3921,3663
3705,3498
3867,3590
3521,3835
3707,3518
3667,3563
3766,3964
3938,3737
3495,3545
3962,3756
3558,3792
3559,3877
3933,3967
3515,3506
3655,3747
3596,3497
3687,3545
3933,3664
3756,3603
3735,3455
3479,3613
3669,3813
3896,3793
3485,3611
3604,3914
3463,3591
3625,3978
3625,3851
3774,3918
3714,3706
3448,3800
3663,3710
3468,3956
3680,3882
3611,3573
3600,3861
3569,3793
3842,3501
3797,3596
3462,3756
3648,3792
3938,3674
3824,3830
3802,3442
3930,3858
3794,3711
3810,3947
3703,3968
1085,3756
3525,3495
3506,3534
3595,3473
3605,3877
1085,3561
3877,3929
3654,3930
3700,3864
3926,3596
3759,3965
3851,3831
3759,3757
3829,3464
3693,3971
3847,3660
3586,3491
3791,3901
3481,3919
3524,3584
3721,3501
3860,3913
3615,3907
3475,3845
3525,3970
3598,3472
3930,3707
3924,3584
3697,3858
3860,3642
3825,3764
3455,3590
3731,3503
3968,3609
3830,3654
3629,3526
3858,3804
3933,3607
3866,3511
3902,3852
3593,3794
3635,3518
3851,3756
3558,3711
3521,3618
3900,3909
3618,3842
857,3586
3752,3510
3475,3966
3565,3477
3456,3577
3877,1085
3921,3862
3528,3860
3951,3486
3784,3711
3478,3960
3579,3571
3545,3842
3973,3793
3920,3967
3902,3475
3491,3968
3924,3833
3601,3782
3960,3809
3800,3462
3533,3512
3564,3617
3635,3948
3553,3526
3938,3672
3677,3456
3659,3930
3720,3918
3449,3943
3731,3611
3757,3579
3540,3886
3791,3632
3785,3966
3778,3442
3851,3817
3721,3692
3900,3509
3636,3769
3562,3830
3913,3800
3793,3706
3906,3793
3774,3519
3633,3800
3633,3734
3501,3438
3568,3680
3758,3584
3900,3620
3459,3825
3640,3596
3895,3764
3877,3495
3459,3763
3567,3912
3574,3830
3524,3468
3791,3920
3455,3521
3810,3764
3497,3545
3800,3596
3686,3635
3591,3951
3761,3738
3535,3601
3904,3539
3966,3573
3645,3680
3838,3707
3966,3741
3576,3640
3930,3485
3599,3470
3829,3956
3506,3569
3830,3518
3672,3926
3962,3625
3534,3810
3483,3524
3896,3784
3605,3545
3851,3475
3577,3734
3710,3663
3797,3448
3684,3948
3926,3576
857,862
3706,3593
3835,3728
3923,3749
3591,3569
3512,3577
3950,3796
3752,3460
3810,3896
3822,3826
3840,3685
3692,3873
3572,3794
3762,3456
3620,3646
3559,3804
3638,3439
3596,3692
3491,3838
3502,3898
3757,3918
3521,3442
3684,3756
3611,3485
3468,3718
3604,3852
3542,3852
3815,3740
3938,3797
3947,3593
3662,3536
3488,3730
3823,3601
3783,3920
3803,3555
3790,3514
3535,3758
3677,3525
3602,3524
3860,3448
3571,3918
3628,3657
3456,3654
3693,3970
3738,3821
3508,3472
3496,3629
3497,3707
3684,3501
3806,3624
3931,3680
3569,3705
3938,3873
3596,3440
3860,3938
3568,3768
3753,3470
3469,3510
3886,3968
3906,3976
3714,3591
3697,3684
3569,3826
3926,3838
3456,1085
3740,3713
3464,3823
3907,3636
3938,3440
3525,3950
3545,3845
3969,3711
3440,3697
3477,3756
3945,3956
3611,3527
3694,3867
